School_ID,School_Name,School_Location,School_Ranking,Historical_Enrollment,Average_SPM_As,Avg_Parent_Income_Score,Most_Common_Parent_Education,Most_Common_Parent_Occupation,Science_Stream_Percentage,Arts_Stream_Percentage,Malay_Percentage,Chinese_Percentage,Indian_Percentage,Others_Percentage,Own_House_Percentage,Rent_House_Percentage,Govt_Quarters_Percentage,Avg_Student_SPM_English_Score,Avg_Student_SPM_Math_Score,Avg_Student_SPM_Science_Score,Avg_Student_CoCurricular_Score,Social_Media_Interactions,Sentiment_Score,Recruitment_Event_Success_Rate,Institutional_Engagement_Score,Avg_Student_University_Interest_Score,Preferred_Field_of_Study
SCH1000,SMK Putra Indah,Penang,52,1060,10,3,Secondary,Employed,31.4,68.6,67,22,10,1,70,26,4,80.5,95.7,30.1,99.2,160,-0.196,66.7,0.432,29.1,Media Arts
SCH1001,SMK Indah Seri,Sarawak,42,1699,7,1,Secondary,Self-Employed,35.1,64.9,62,26,8,4,51,28,21,72.5,41.9,34.6,94.9,315,0.063,57.0,0.016,23.1,Computer
SCH1002,SMK Melawati Taman,Selangor,60,1678,7,3,Primary,Unemployed,34.1,65.9,61,25,10,4,59,28,13,42.9,97.9,84.3,93.9,445,0.427,80.9,0.327,57.0,Animation & Visual Effects
SCH1003,SMK Sri Putra,Selangor,62,495,8,2,Secondary,Self-Employed,23.9,76.1,69,28,8,-5,62,33,5,50.7,41.6,31.1,42.3,128,-0.301,30.4,0.815,70.7,Bachelor of Accounting (Hons)
SCH1004,SMK Maju Aman,Kelantan,35,488,6,1,Secondary,Employed,31.7,68.3,61,20,10,9,54,27,19,71.4,49.2,69.3,38.3,430,0.213,83.3,0.561,77.1,Bachelor of Business Management (Hons)
SCH1005,SMK Maju Bukit,Penang,27,592,10,3,Primary,Employed,34.9,65.1,66,20,8,6,53,29,18,47.5,58.7,82.9,22.9,159,0.099,78.6,0.88,62.4,Cybersecurity
SCH1006,SMK Bandar Bukit,Kuala Lumpur,57,1212,9,3,Secondary,Employed,28.3,71.7,66,28,10,-4,50,25,25,46.0,59.9,87.3,86.1,358,-0.335,67.4,0.485,69.2,Knowledge Management
SCH1007,SMK Bandar Harmoni,Sabah,44,863,10,1,Secondary,Employed,33.8,66.2,63,20,10,7,65,43,-8,47.3,78.7,79.9,14.8,439,-0.463,72.7,0.503,5.1,Electronics
SCH1008,SMK Harmoni Melawati,Negeri Sembilan,96,1448,4,1,Primary,Employed,35.7,64.3,70,20,10,0,54,44,2,98.8,57.9,87.2,79.8,200,-0.179,43.1,0.041,59.1,Strategic Communication
SCH1009,SMK Taman Bestari,Sarawak,36,602,5,1,Secondary,Employed,33.8,66.2,63,28,5,4,56,30,14,95.6,39.6,53.9,11.3,150,0.041,78.7,0.229,17.5,Interface Design
SCH1010,SMK Putra Aman,Putrajaya,60,1080,5,3,Master,Employed,29.3,70.7,68,22,7,3,64,39,-3,92.8,92.1,84.6,64.2,74,0.436,85.0,0.669,58.1,Data Science
SCH1011,SMK Indah Bestari,Putrajaya,89,298,4,2,Primary,Employed,30.9,69.1,65,22,9,4,57,27,16,79.9,46.6,52.8,74.6,383,0.244,80.5,0.308,54.3,Bachelor of Financial Engineering (Hons)
SCH1012,SMK Bestari Putra,Sarawak,86,1598,9,1,Master,Employed,31.4,68.6,61,24,10,5,49,38,13,64.5,43.7,80.6,28.1,34,0.269,33.1,0.995,47.0,Animation & Visual Effects
SCH1013,SMK Seri Indah,Kuala Lumpur,6,298,7,2,Degree,Employed,34.1,65.9,64,22,8,6,50,44,6,50.6,57.0,89.6,31.7,127,-0.127,57.6,0.844,93.0,Game Development
SCH1014,SMK Bandar Bestari,Kuala Lumpur,24,825,10,3,Primary,Employed,31.8,68.2,60,28,7,5,65,31,4,50.6,86.7,86.7,86.7,12,-0.418,30.4,0.628,19.4,Bachelor of Law (Hons)
SCH1015,SMK Bandar Taman,Perak,16,853,7,3,Primary,Employed,32.8,67.2,66,25,7,2,66,44,-10,32.7,51.2,67.6,32.7,263,0.27,45.1,0.623,8.5,Visual Effects
SCH1016,SMK Putra Aman,Terengganu,96,1083,9,1,Diploma,Self-Employed,30.1,69.9,62,20,7,11,54,45,1,35.7,60.0,78.2,5.8,121,-0.344,47.5,0.549,71.5,Data Science
SCH1017,SMK Indah Harmoni,Perak,1,1495,8,2,Secondary,Employed,32.2,67.8,66,22,8,4,65,43,-8,83.0,31.0,38.1,4.6,496,-0.189,98.6,0.175,1.7,Banking and Finance
SCH1018,SMK Sri Bestari,Sabah,48,540,10,1,Secondary,Employed,28.4,71.6,69,29,7,-5,49,28,23,77.9,73.1,96.1,94.4,475,0.086,95.8,0.575,38.8,Electrical
SCH1019,SMK Seri Putra,Selangor,33,1156,6,3,Diploma,Self-Employed,32.6,67.4,67,29,7,-3,61,37,2,45.0,56.4,32.7,61.8,214,-0.429,52.3,0.845,2.3,Robotics & Automation
SCH1020,SMK Melawati Harmoni,Kedah,7,1419,5,2,Diploma,Self-Employed,34.1,65.9,68,23,6,3,54,33,13,69.8,70.3,81.2,12.8,496,0.276,53.9,0.931,85.8,Bachelor of Law (Hons)
SCH1021,SMK Sri Putra,Johor,55,1748,10,3,Primary,Unemployed,33.1,66.9,63,28,10,-1,62,43,-5,57.2,30.8,93.4,9.1,454,0.457,77.4,0.483,49.3,Electronics
SCH1022,SMK Bestari Sri,Putrajaya,69,1322,7,2,Diploma,Self-Employed,33.1,66.9,64,29,6,1,55,37,8,68.5,60.9,92.1,35.1,145,0.469,78.2,0.837,86.7,Bachelor of Marketing (Hons)
SCH1023,SMK Maju Melawati,Pahang,7,1397,8,1,Secondary,Self-Employed,33.1,66.9,61,24,9,6,54,30,16,99.1,56.2,55.9,81.3,326,0.486,82.7,0.376,8.4,Nanotechnology
SCH1024,SMK Bestari Bandar,Terengganu,54,366,6,1,Secondary,Employed,27.1,72.9,69,23,8,0,57,33,10,82.1,77.7,46.6,40.0,368,-0.417,67.0,0.436,80.2,Strategic Communication
SCH1025,SMK Seri Putra,Terengganu,32,372,8,1,Primary,Unemployed,22.5,77.5,64,23,7,6,68,44,-12,35.3,41.6,45.2,29.4,0,0.128,70.9,0.901,4.5,Digital Business Management
SCH1026,SMK Aman Maju,Selangor,74,935,9,3,Diploma,Employed,29.2,70.8,69,21,8,2,54,33,13,48.2,61.7,32.3,28.0,211,0.103,49.0,0.133,7.6,Data Science
SCH1027,SMK Damai Melawati,Pahang,82,1082,8,2,Secondary,Unemployed,23.2,76.8,61,30,9,0,54,25,21,84.4,63.6,99.0,37.7,281,-0.119,97.9,0.842,83.8,Data Science
SCH1028,SMK Aman Bandar,Kedah,99,710,4,1,Primary,Employed,38.2,61.8,62,24,9,5,70,29,1,83.0,56.4,46.9,20.5,0,0.454,72.4,0.229,67.2,Animation
SCH1029,SMK Indah Melawati,Putrajaya,34,1571,10,2,Diploma,Employed,31.1,68.9,65,22,7,6,66,35,-1,87.1,97.8,36.2,79.2,400,-0.366,32.0,0.755,62.0,Telecommunications
SCH1030,SMK Sri Seri,Kedah,75,634,10,1,Primary,Employed,21.3,78.7,70,22,6,2,69,30,1,61.6,93.7,50.9,52.4,80,0.45,40.3,0.927,49.2,Software Engineering
SCH1031,SMK Harmoni Indah,Selangor,84,1183,8,3,Secondary,Employed,37.2,62.8,70,30,7,-7,68,39,-7,39.0,39.0,40.6,13.9,7,-0.32,78.8,0.412,87.4,Strategic Communication
SCH1032,SMK Taman Bandar,Sarawak,93,871,5,2,Secondary,Self-Employed,23.6,76.4,65,24,10,1,49,28,23,62.3,44.4,55.5,50.3,300,-0.178,36.5,0.481,68.8,Interface Design
SCH1033,SMK Bukit Bandar,Perak,94,306,10,2,Primary,Self-Employed,23.5,76.5,67,20,7,6,69,39,-8,67.6,94.7,46.5,76.0,77,-0.037,82.3,0.037,25.2,Visual Effects
SCH1034,SMK Damai Indah,Penang,3,1846,10,3,Secondary,Employed,37.6,62.4,68,26,9,-3,59,31,10,52.5,44.8,52.9,12.0,144,-0.157,63.2,0.355,64.9,Bachelor of Financial Engineering (Hons)
SCH1035,SMK Harmoni Seri,Kedah,86,233,10,2,Secondary,Employed,20.0,80.0,68,24,10,-2,69,26,5,47.1,64.9,53.1,93.4,436,-0.398,40.7,0.246,16.1,Mechanical
SCH1036,SMK Melawati Aman,Sarawak,62,549,10,1,Degree,Employed,34.0,66.0,65,25,5,5,54,42,4,87.5,80.3,67.5,47.7,172,0.269,43.1,0.324,42.5,Virtual Reality
SCH1037,SMK Sri Putra,Johor,20,312,7,2,Diploma,Employed,30.7,69.3,64,30,8,-2,62,35,3,71.6,55.8,61.8,54.9,137,0.49,52.6,0.81,25.5,Interface Design
SCH1038,SMK Bukit Seri,Negeri Sembilan,73,984,4,2,Secondary,Employed,32.9,67.1,61,24,7,8,58,26,16,42.7,34.7,81.9,57.4,319,0.282,88.0,0.751,80.0,Optical
SCH1039,SMK Maju Bandar,Kelantan,85,1388,8,1,Diploma,Unemployed,29.0,71.0,68,29,5,-2,67,32,1,61.6,80.0,93.0,62.4,352,0.248,65.2,0.232,90.0,Nanotechnology
SCH1040,SMK Sri Bukit,Penang,66,1020,6,3,Secondary,Employed,34.6,65.4,63,20,8,9,56,28,16,99.8,82.7,79.5,77.9,288,-0.466,69.9,0.762,87.7,Animation
SCH1041,SMK Melawati Maju,Johor,38,1382,10,3,Primary,Employed,35.5,64.5,67,24,9,0,64,28,8,80.6,80.4,74.9,69.4,291,0.216,71.9,0.827,95.9,Banking and Finance
SCH1042,SMK Melawati Bukit,Perak,38,1357,10,2,Degree,Employed,30.9,69.1,68,20,8,4,60,36,4,37.2,94.3,85.3,2.3,126,-0.347,70.3,0.607,42.4,Mechanical
SCH1043,SMK Seri Melawati,Terengganu,78,1519,4,2,Secondary,Employed,40.0,60.0,64,29,10,-3,53,25,22,90.9,66.3,71.4,39.9,456,0.244,44.4,0.788,60.4,Banking and Finance
SCH1044,SMK Bukit Damai,Kelantan,63,443,4,2,Degree,Employed,34.2,65.8,70,30,8,-8,68,31,1,41.6,32.4,51.8,78.0,490,0.132,30.9,0.664,17.8,Software Engineering
SCH1045,SMK Aman Sri,Melaka,49,347,9,3,Secondary,Employed,29.8,70.2,66,20,9,5,68,43,-11,54.5,62.8,73.7,37.8,143,0.065,34.6,0.776,45.3,Computer
SCH1046,SMK Damai Bandar,Kedah,92,1336,5,2,Diploma,Employed,27.2,72.8,62,29,6,3,68,38,-6,66.9,86.1,98.5,84.0,390,0.159,31.9,0.222,23.1,Intelligent Robotics
SCH1047,SMK Putra Melawati,Sarawak,72,1277,4,2,Primary,Employed,28.9,71.1,67,21,7,5,62,37,1,88.1,57.8,76.8,20.5,222,-0.176,36.1,0.633,73.6,Cybersecurity
SCH1048,SMK Bandar Indah,Negeri Sembilan,19,1847,8,3,Diploma,Self-Employed,31.1,68.9,70,29,6,-5,52,36,12,88.1,54.2,84.2,36.3,52,-0.206,96.4,0.764,14.0,Animation & Visual Effects
SCH1049,SMK Melawati Putra,Sabah,30,831,6,2,Diploma,Employed,33.7,66.3,62,20,10,8,57,31,12,78.9,58.2,45.3,64.5,493,0.484,66.8,0.172,27.2,Bachelor of Digital Enterprise Management (Hons)
SCH1050,SMK Seri Indah,Sarawak,70,1369,8,2,Secondary,Employed,29.7,70.3,66,24,6,4,69,29,2,81.3,47.6,74.3,49.4,393,0.414,59.3,0.383,51.9,International Management
SCH1051,SMK Sri Seri,Putrajaya,2,1219,9,3,Primary,Employed,20.0,80.0,69,24,7,0,56,34,10,54.9,80.3,50.8,56.6,97,-0.103,96.8,0.135,48.4,Media Arts
SCH1052,SMK Bandar Aman,Sabah,36,950,7,1,Degree,Self-Employed,27.6,72.4,68,28,5,-1,49,34,17,71.9,62.2,35.3,7.8,107,0.195,49.1,0.59,36.1,Bachelor of Business Management (Hons)
SCH1053,SMK Melawati Bestari,Selangor,59,1016,8,3,Diploma,Employed,40.0,60.0,67,22,9,2,66,29,5,78.5,89.4,47.5,48.9,142,0.193,33.6,0.67,4.4,Bachelor of Financial Engineering (Hons)
SCH1054,SMK Seri Bandar,Putrajaya,71,600,10,3,Secondary,Employed,31.8,68.2,62,27,6,5,66,43,-9,89.1,52.3,88.0,3.7,158,-0.135,69.2,0.481,88.5,Bachelor of Business Management (Hons)
SCH1055,SMK Harmoni Seri,Sarawak,40,1185,10,1,Secondary,Self-Employed,27.1,72.9,63,25,5,7,61,41,-2,66.4,59.9,91.4,41.8,226,0.37,31.5,0.875,52.9,Bachelor of Digital Enterprise Management (Hons)
SCH1056,SMK Taman Indah,Putrajaya,96,1962,6,3,Secondary,Self-Employed,27.5,72.5,68,27,8,-3,63,33,4,36.4,53.5,66.6,73.2,176,-0.39,54.8,0.287,29.6,Marketing Management
SCH1057,SMK Sri Melawati,Kuala Lumpur,37,1888,4,3,Primary,Employed,20.0,80.0,68,27,8,-3,61,29,10,85.0,36.3,59.2,87.9,301,0.101,93.3,0.989,74.3,Nanotechnology
SCH1058,SMK Bandar Seri,Melaka,59,1807,7,3,Secondary,Self-Employed,27.9,72.1,69,22,10,-1,54,29,17,74.1,45.1,66.3,59.7,240,-0.326,57.7,0.758,69.6,Cybersecurity
SCH1059,SMK Harmoni Damai,Perak,3,359,6,1,Secondary,Employed,29.5,70.5,68,23,10,-1,54,26,20,62.0,57.4,49.1,47.7,194,0.456,90.3,0.81,65.5,Bachelor of Law (Hons)
SCH1060,SMK Sri Putra,Negeri Sembilan,11,1154,5,2,Secondary,Employed,29.8,70.2,65,24,8,3,65,37,-2,92.6,99.4,34.3,88.3,317,0.092,87.7,0.348,67.8,Intelligent Robotics
SCH1061,SMK Bandar Damai,Sarawak,77,1972,4,2,Diploma,Employed,39.0,61.0,60,30,7,3,64,32,4,53.4,46.7,95.1,10.6,154,0.253,41.1,0.881,87.2,Bachelor of Accounting (Hons)
SCH1062,SMK Bukit Bandar,Kelantan,31,734,5,1,Secondary,Self-Employed,31.8,68.2,66,21,9,4,63,41,-4,69.2,38.1,56.4,0.9,364,0.28,37.5,0.761,54.1,Knowledge Management
SCH1063,SMK Bukit Seri,Putrajaya,98,1635,7,2,Diploma,Self-Employed,28.0,72.0,63,23,6,8,52,40,8,84.0,79.6,63.2,5.8,119,-0.454,91.0,0.973,96.9,Bachelor of Analytical Economics (Hons)
SCH1064,SMK Bestari Aman,Melaka,99,1147,8,2,Primary,Self-Employed,35.7,64.3,70,29,6,-5,51,38,11,62.8,96.1,37.2,85.4,270,0.295,78.6,0.221,8.2,Computer
SCH1065,SMK Putra Harmoni,Kuala Lumpur,84,1245,6,2,Master,Employed,27.7,72.3,64,24,7,5,69,30,1,83.2,61.0,51.8,32.1,421,-0.27,44.9,0.031,65.2,Business Intelligence and Analytics
SCH1066,SMK Seri Bestari,Selangor,18,1494,7,3,Master,Employed,31.7,68.3,70,21,8,1,56,27,17,85.8,50.6,93.8,96.8,403,0.297,63.7,0.117,12.5,Business Intelligence and Analytics
SCH1067,SMK Maju Damai,Selangor,84,1963,4,2,Secondary,Employed,32.3,67.7,65,24,9,2,51,32,17,51.7,61.9,30.8,7.2,319,-0.104,98.2,0.722,65.7,Animation
SCH1068,SMK Putra Taman,Perlis,33,301,4,1,Secondary,Employed,30.0,70.0,65,23,5,7,59,32,9,30.7,52.9,66.2,8.8,460,-0.417,87.7,0.358,32.2,Artificial Intelligence
SCH1069,SMK Bukit Maju,Pahang,90,1909,5,2,Secondary,Employed,24.2,75.8,60,27,7,6,52,30,18,71.6,73.2,72.9,29.9,203,0.371,80.0,0.802,33.9,Robotics & Automation
SCH1070,SMK Bukit Taman,Sarawak,7,658,7,1,Secondary,Self-Employed,27.1,72.9,69,30,6,-5,60,35,5,41.2,91.0,45.3,97.6,355,0.244,91.0,0.434,4.4,Information System
SCH1071,SMK Maju Sri,Selangor,82,1113,6,2,PhD,Unemployed,29.9,70.1,62,29,7,2,52,39,9,48.0,62.4,90.8,72.7,444,0.346,74.0,0.735,76.8,Bachelor of Financial Engineering (Hons)
SCH1072,SMK Sri Seri,Selangor,24,1785,4,3,Secondary,Employed,37.8,62.2,61,23,10,6,56,34,10,99.4,49.9,55.1,38.4,17,0.132,81.3,0.132,71.6,Bachelor of Digital Enterprise Management (Hons)
SCH1073,SMK Seri Bestari,Putrajaya,94,1822,5,2,Master,Employed,22.3,77.7,64,25,9,2,57,38,5,71.5,70.6,76.4,9.5,144,-0.109,97.9,0.258,65.7,Bachelor of Marketing (Hons)
SCH1074,SMK Damai Aman,Labuan,65,1647,7,1,Master,Employed,30.4,69.6,69,28,5,-2,54,44,2,71.2,96.4,47.7,35.9,283,-0.463,81.5,0.664,47.5,Cybersecurity
SCH1075,SMK Aman Bandar,Johor,44,355,10,3,Secondary,Employed,23.6,76.4,61,21,5,13,54,44,2,33.6,74.8,45.7,18.0,58,-0.184,65.5,0.042,14.8,Computer
SCH1076,SMK Bukit Melawati,Negeri Sembilan,88,1474,6,1,Secondary,Unemployed,22.3,77.7,70,21,8,1,55,44,1,38.8,39.3,40.0,94.0,379,0.173,97.9,0.094,67.3,Banking and Finance
SCH1077,SMK Melawati Taman,Putrajaya,5,1718,9,2,Diploma,Unemployed,32.5,67.5,70,29,10,-9,66,41,-7,73.2,90.8,69.9,3.0,327,0.296,94.3,0.601,94.1,Bachelor of Marketing (Hons)
SCH1078,SMK Bandar Bestari,Kuala Lumpur,53,1527,8,3,Secondary,Employed,21.9,78.1,60,28,5,7,65,37,-2,84.8,69.7,81.7,87.9,380,0.265,94.8,0.438,90.1,Bachelor of Digital Enterprise Management (Hons)
SCH1079,SMK Aman Harmoni,Terengganu,23,1050,8,2,Primary,Employed,34.7,65.3,68,24,5,3,61,31,8,69.4,56.6,68.4,59.6,223,-0.127,45.9,0.073,60.3,Human Resource Management
SCH1080,SMK Damai Harmoni,Kuala Lumpur,78,1041,5,3,Secondary,Self-Employed,20.0,80.0,64,29,5,2,61,29,10,57.9,70.6,67.4,60.8,431,0.049,82.3,0.715,52.1,Bachelor of Business Management (Hons)
SCH1081,SMK Harmoni Bandar,Negeri Sembilan,23,818,10,3,Primary,Unemployed,40.0,60.0,63,30,7,0,64,28,8,95.4,54.6,37.1,48.6,495,0.023,76.9,0.93,53.2,Nanotechnology
SCH1082,SMK Sri Seri,Perak,16,305,7,2,Secondary,Unemployed,30.5,69.5,66,29,9,-4,56,41,3,69.7,48.0,97.4,48.4,262,0.316,56.1,0.526,11.2,Computer
SCH1083,SMK Damai Taman,Terengganu,22,1341,8,2,Secondary,Employed,36.6,63.4,69,27,6,-2,59,32,9,83.9,69.0,47.9,30.2,151,0.323,59.7,0.668,9.6,Business Intelligence and Analytics
SCH1084,SMK Maju Indah,Melaka,74,1192,10,3,Primary,Self-Employed,28.2,71.8,60,25,9,6,64,27,9,72.5,68.3,46.2,39.1,440,-0.003,99.1,0.136,69.5,Digital Business Management
SCH1085,SMK Harmoni Seri,Kelantan,42,1597,8,2,Diploma,Unemployed,32.3,67.7,62,23,6,9,55,34,11,93.4,84.1,48.5,64.5,163,-0.308,52.6,0.227,35.5,Bachelor of Law (Hons)
SCH1086,SMK Putra Bukit,Melaka,13,760,7,2,Degree,Employed,35.2,64.8,61,22,10,7,61,27,12,43.3,33.7,56.5,36.3,290,0.231,62.6,0.06,56.2,Data Communications and Networking
SCH1087,SMK Aman Sri,Melaka,69,1700,10,3,Primary,Employed,30.5,69.5,68,26,8,-2,66,40,-6,76.5,85.7,94.9,23.5,347,0.474,31.4,0.737,76.9,Robotics & Automation
SCH1088,SMK Taman Damai,Johor,30,348,7,3,Primary,Self-Employed,30.7,69.3,65,23,6,6,63,28,9,51.2,48.4,55.2,8.8,474,-0.261,65.7,0.825,28.0,Human Resource Management
SCH1089,SMK Indah Damai,Sabah,68,1689,10,1,Diploma,Employed,29.2,70.8,64,23,6,7,60,38,2,57.8,67.8,74.0,67.4,489,0.368,86.4,0.79,30.5,Software Engineering
SCH1090,SMK Melawati Bandar,Perlis,15,1628,6,1,Diploma,Employed,30.3,69.7,68,21,5,6,50,28,22,72.4,39.7,92.9,82.9,435,0.003,57.9,0.146,36.8,Banking and Finance
SCH1091,SMK Aman Seri,Perak,21,1193,7,1,Master,Employed,30.9,69.1,63,21,9,7,55,35,10,73.4,75.5,40.6,6.1,466,-0.308,44.8,0.485,75.4,International Management
SCH1092,SMK Indah Bestari,Labuan,56,1686,4,2,Primary,Employed,26.5,73.5,66,20,8,6,53,31,16,46.0,46.3,45.5,17.4,419,0.027,59.8,0.131,88.7,Nanotechnology
SCH1093,SMK Melawati Aman,Kuala Lumpur,99,718,6,3,Degree,Self-Employed,34.3,65.7,65,24,10,1,51,45,4,31.3,48.2,83.2,13.7,422,0.119,52.6,0.834,62.9,International Management
SCH1094,SMK Bestari Bandar,Negeri Sembilan,82,372,7,2,Secondary,Employed,21.3,78.7,64,29,10,-3,53,26,21,52.7,81.6,63.3,37.6,435,0.36,57.5,0.956,13.3,Artificial Intelligence
SCH1095,SMK Bestari Sri,Putrajaya,17,1343,4,3,Degree,Employed,30.0,70.0,60,29,6,5,56,44,0,87.8,64.7,57.0,45.0,432,0.114,34.7,0.518,15.0,Advertising Design
SCH1096,SMK Maju Seri,Putrajaya,44,648,10,3,Primary,Employed,28.2,71.8,67,22,5,6,53,43,4,81.6,54.7,50.8,35.0,398,0.442,84.9,0.355,41.2,Business Intelligence and Analytics
SCH1097,SMK Indah Aman,Negeri Sembilan,94,1575,5,1,Primary,Unemployed,30.9,69.1,67,27,5,1,58,26,16,76.7,30.7,47.9,26.1,104,0.144,67.1,0.042,96.8,Optical
SCH1098,SMK Bandar Indah,Negeri Sembilan,36,851,6,3,Diploma,Employed,33.7,66.3,61,30,6,3,64,41,-5,95.0,45.7,56.1,43.2,123,-0.111,41.5,0.274,92.8,Artificial Intelligence
SCH1099,SMK Harmoni Melawati,Selangor,32,1658,9,2,PhD,Employed,33.0,67.0,66,26,5,3,61,33,6,68.1,74.5,45.5,97.8,301,0.228,84.4,0.656,17.7,Business Intelligence and Analytics
SCH1100,SMK Aman Bestari,Pahang,22,434,4,2,Primary,Employed,32.0,68.0,70,21,7,2,61,37,2,58.9,83.1,82.0,61.2,117,0.065,78.2,0.873,63.6,Software Engineering
SCH1101,SMK Maju Taman,Putrajaya,8,561,5,2,Secondary,Self-Employed,26.7,73.3,60,23,7,10,58,25,17,44.3,68.9,81.3,61.6,410,0.188,56.3,0.539,52.4,International Management
SCH1102,SMK Aman Maju,Sabah,90,513,9,2,Primary,Self-Employed,33.9,66.1,62,26,10,2,67,28,5,38.7,57.0,75.0,78.0,226,-0.362,76.4,0.002,17.8,Business Intelligence and Analytics
SCH1103,SMK Maju Aman,Sabah,38,1141,7,1,Secondary,Employed,35.6,64.4,66,23,9,2,62,26,12,34.5,70.6,69.3,56.1,253,-0.013,72.0,0.602,2.3,Electronics
SCH1104,SMK Taman Indah,Kelantan,49,1542,9,1,Diploma,Self-Employed,30.4,69.6,63,26,5,6,50,42,8,56.0,34.4,86.1,76.7,312,0.433,75.0,0.421,63.6,Bachelor of Accounting (Hons)
SCH1105,SMK Maju Harmoni,Putrajaya,47,598,9,3,Diploma,Self-Employed,36.5,63.5,69,24,5,2,68,33,-1,53.4,31.8,31.7,83.2,492,0.198,95.1,0.783,5.6,Nanotechnology
SCH1106,SMK Putra Damai,Kelantan,46,1121,6,1,Secondary,Employed,33.5,66.5,63,25,6,6,53,31,16,93.3,93.7,84.6,0.7,296,-0.341,72.7,0.135,75.1,Mechanical
SCH1107,SMK Harmoni Putra,Perak,89,747,8,1,Primary,Employed,29.5,70.5,66,22,8,4,63,34,3,49.0,83.2,61.5,77.7,43,-0.344,89.7,0.047,62.0,Nanotechnology
SCH1108,SMK Harmoni Bestari,Sarawak,57,1756,7,1,Diploma,Employed,33.9,66.1,70,23,9,-2,58,35,7,85.1,73.7,64.6,98.0,68,0.154,43.9,0.565,46.4,Intelligent Robotics
SCH1109,SMK Sri Bandar,Perlis,85,583,7,1,Primary,Employed,25.5,74.5,63,29,5,3,56,25,19,66.6,38.0,90.2,72.3,168,0.292,68.4,0.613,22.6,Computer
SCH1110,SMK Bukit Taman,Kedah,65,1041,8,1,Diploma,Employed,38.2,61.8,67,27,10,-4,59,27,14,33.6,85.0,44.1,25.9,19,0.045,83.1,0.754,1.8,Electrical
SCH1111,SMK Melawati Putra,Perak,85,278,9,1,Secondary,Unemployed,28.7,71.3,67,29,8,-4,66,26,8,34.6,62.5,93.6,53.9,499,0.298,56.0,0.452,39.7,Data Communications and Networking
SCH1112,SMK Damai Putra,Sarawak,19,908,6,1,Primary,Employed,36.4,63.6,64,24,5,7,63,38,-1,94.1,67.3,41.1,69.6,267,-0.334,72.9,0.363,89.7,Virtual Reality
SCH1113,SMK Damai Bandar,Sarawak,40,685,4,1,Primary,Employed,26.5,73.5,70,24,8,-2,54,37,9,35.8,91.8,86.3,50.5,15,0.488,64.0,0.122,72.5,Animation & Visual Effects
SCH1114,SMK Maju Putra,Kedah,4,1123,9,3,Diploma,Employed,27.0,73.0,63,28,8,1,51,29,20,98.1,53.6,50.8,91.8,133,0.21,52.0,0.471,82.2,Bachelor of Law (Hons)
SCH1115,SMK Taman Sri,Selangor,73,924,5,3,Degree,Employed,31.4,68.6,64,27,6,3,50,45,5,59.4,93.4,81.8,19.1,74,0.151,73.5,0.352,84.1,Animation & Visual Effects
SCH1116,SMK Bandar Indah,Sarawak,94,1130,4,1,Diploma,Employed,27.7,72.3,66,25,5,4,68,24,8,88.6,49.5,75.0,69.4,408,-0.284,55.2,0.069,76.3,Telecommunications
SCH1117,SMK Melawati Damai,Negeri Sembilan,46,1877,7,3,Diploma,Self-Employed,31.0,69.0,61,22,5,12,55,26,19,61.3,62.2,90.5,54.7,34,-0.087,86.2,0.479,1.8,International Management
SCH1118,SMK Damai Putra,Perak,88,469,5,3,Primary,Self-Employed,34.2,65.8,66,28,7,-1,68,39,-7,61.5,45.3,38.4,6.8,464,-0.258,30.9,0.469,30.1,Animation
SCH1119,SMK Putra Damai,Sarawak,53,1962,4,1,Diploma,Employed,32.5,67.5,63,27,6,4,57,37,6,53.8,99.2,73.8,53.1,61,0.295,32.4,0.583,99.5,Digital Business Management
SCH1120,SMK Aman Harmoni,Kedah,85,1990,8,1,Degree,Employed,31.3,68.7,60,21,5,14,57,37,6,78.6,35.8,93.7,46.4,14,0.102,92.5,0.443,60.7,Bachelor of Management (Hons)
SCH1121,SMK Taman Putra,Kelantan,38,704,8,2,Diploma,Employed,33.2,66.8,63,25,8,4,62,27,11,75.7,96.5,72.0,74.4,256,-0.231,58.5,0.891,0.3,Human Resource Management
SCH1122,SMK Bandar Aman,Terengganu,12,461,5,2,Secondary,Employed,22.9,77.1,62,27,10,1,52,40,8,49.6,44.5,66.2,0.6,301,-0.451,88.3,0.844,28.5,Optical
SCH1123,SMK Seri Harmoni,Penang,85,1980,4,2,Secondary,Employed,20.0,80.0,68,28,9,-5,66,33,1,87.3,67.2,91.6,57.5,38,-0.006,79.2,0.993,13.1,Telecommunications
SCH1124,SMK Bandar Seri,Kuala Lumpur,45,200,7,3,Degree,Employed,34.2,65.8,60,29,8,3,54,32,14,90.4,30.1,80.2,83.0,176,0.104,78.1,0.114,38.4,Business Intelligence and Analytics
SCH1125,SMK Taman Aman,Labuan,36,793,8,1,Secondary,Self-Employed,24.2,75.8,60,29,7,4,64,33,3,95.9,76.8,77.5,36.2,330,0.099,65.2,0.139,11.6,Information System
SCH1126,SMK Bukit Sri,Penang,28,970,7,3,Diploma,Employed,32.8,67.2,62,30,5,3,62,39,-1,33.1,38.6,69.1,34.3,278,0.317,34.7,0.387,85.2,Nanotechnology
SCH1127,SMK Putra Harmoni,Melaka,99,1652,10,3,Degree,Employed,34.6,65.4,61,22,7,10,61,39,0,83.2,36.9,92.3,1.2,312,-0.473,57.5,0.526,51.2,Bachelor of Marketing (Hons)
SCH1128,SMK Harmoni Damai,Selangor,37,206,7,2,Diploma,Unemployed,31.1,68.9,61,22,7,10,64,35,1,51.8,77.4,72.4,36.5,115,0.08,69.2,0.105,16.7,Bachelor of Digital Enterprise Management (Hons)
SCH1129,SMK Seri Bandar,Kedah,69,1125,6,2,Primary,Employed,20.0,80.0,65,30,7,-2,59,43,-2,31.6,82.9,62.1,28.9,484,0.335,55.9,0.375,47.4,Data Communications and Networking
SCH1130,SMK Melawati Harmoni,Pahang,68,985,7,1,Primary,Employed,29.9,70.1,61,25,9,5,68,27,5,51.2,48.2,43.6,5.8,429,0.177,46.5,0.831,54.5,Artificial Intelligence
SCH1131,SMK Bukit Bandar,Johor,92,1503,8,3,Diploma,Employed,32.0,68.0,62,20,7,11,67,32,1,52.8,85.5,62.3,73.1,7,-0.461,63.3,0.543,22.8,Data Science
SCH1132,SMK Putra Bukit,Putrajaya,91,1340,5,3,Secondary,Self-Employed,31.5,68.5,64,20,8,8,57,37,6,32.4,97.9,96.4,51.3,107,-0.017,90.4,0.589,37.5,Electrical
SCH1133,SMK Damai Taman,Pahang,75,1640,9,2,Secondary,Employed,28.0,72.0,68,22,6,4,66,43,-9,92.6,61.9,61.0,60.2,238,0.074,96.9,0.2,10.9,Cybersecurity
SCH1134,SMK Sri Maju,Melaka,45,536,4,2,Secondary,Employed,34.4,65.6,65,25,7,3,52,34,14,39.4,51.0,55.1,80.4,151,0.233,67.0,0.793,99.1,Software Engineering
SCH1135,SMK Taman Sri,Kedah,8,993,4,1,Primary,Employed,33.9,66.1,63,28,9,0,50,39,11,40.0,82.7,83.8,65.9,126,0.384,79.0,0.104,39.9,Marketing Management
SCH1136,SMK Aman Maju,Kedah,46,1607,7,2,Primary,Employed,30.5,69.5,61,22,7,10,55,40,5,77.7,37.9,88.9,24.2,357,-0.45,35.1,0.403,29.5,Animation
SCH1137,SMK Harmoni Melawati,Selangor,34,494,6,3,Degree,Employed,29.3,70.7,70,25,9,-4,56,45,-1,89.0,68.4,45.3,3.4,402,-0.142,75.3,0.123,88.9,Bachelor of Law (Hons)
SCH1138,SMK Bandar Harmoni,Penang,32,1669,5,3,Diploma,Employed,24.5,75.5,63,24,10,3,53,37,10,94.2,80.4,58.1,15.9,289,-0.366,74.1,0.054,74.9,Bachelor of Accounting (Hons)
SCH1139,SMK Melawati Bandar,Labuan,57,1190,4,2,Primary,Employed,33.9,66.1,65,20,6,9,57,33,10,53.8,95.8,35.8,93.1,120,-0.14,48.9,0.843,31.3,Security Technology
SCH1140,SMK Bandar Taman,Melaka,82,1110,6,3,Degree,Employed,29.7,70.3,60,30,5,5,59,39,2,41.7,79.9,76.6,96.6,363,-0.37,77.3,0.944,26.9,Nanotechnology
SCH1141,SMK Taman Melawati,Melaka,83,1946,7,3,Primary,Employed,39.9,60.1,66,28,7,-1,64,40,-4,44.6,55.8,55.9,5.2,488,-0.314,68.6,0.416,72.0,Animation & Visual Effects
SCH1142,SMK Taman Damai,Perlis,73,1389,6,2,Diploma,Self-Employed,33.4,66.6,63,21,7,9,55,36,9,33.7,77.8,62.8,57.9,20,-0.213,55.7,0.058,11.2,Nanotechnology
SCH1143,SMK Taman Maju,Sabah,53,1267,10,2,Primary,Employed,29.2,70.8,67,21,10,2,65,27,8,96.4,32.2,81.5,33.0,267,0.095,30.7,0.464,96.3,Bachelor of Accounting (Hons)
SCH1144,SMK Bandar Indah,Selangor,90,429,4,2,Diploma,Self-Employed,32.2,67.8,70,25,9,-4,59,39,2,86.5,38.4,48.6,1.8,152,0.273,66.3,0.348,37.2,Advertising Design
SCH1145,SMK Indah Aman,Putrajaya,80,754,8,3,Master,Self-Employed,30.1,69.9,68,30,5,-3,56,36,8,57.9,51.2,34.6,22.8,97,0.103,63.1,0.06,67.2,International Management
SCH1146,SMK Bandar Taman,Melaka,90,1327,4,2,Secondary,Employed,34.2,65.8,65,28,5,2,61,31,8,39.9,73.6,84.7,57.8,266,0.482,66.9,0.906,16.4,Electronics
SCH1147,SMK Sri Melawati,Sarawak,65,1272,10,2,Secondary,Employed,39.9,60.1,68,21,6,5,65,41,-6,30.5,74.2,61.3,13.4,433,-0.198,83.3,0.354,94.9,Electronics
SCH1148,SMK Seri Putra,Kuala Lumpur,69,1613,9,3,Diploma,Employed,29.1,70.9,62,25,9,4,57,36,7,92.8,77.2,39.6,99.5,49,0.354,46.9,0.961,19.7,Cybersecurity
SCH1149,SMK Putra Melawati,Kelantan,48,895,6,2,Secondary,Employed,23.4,76.6,68,21,7,4,55,42,3,98.7,43.3,85.5,90.8,353,0.198,57.7,0.953,96.7,Business Intelligence and Analytics
SCH1150,SMK Maju Harmoni,Perak,13,561,9,2,Secondary,Employed,25.2,74.8,67,21,10,2,61,33,6,88.5,84.9,56.4,55.2,254,0.134,45.5,0.322,84.8,Nanotechnology
SCH1151,SMK Melawati Putra,Perak,48,1826,9,2,Primary,Employed,32.4,67.6,69,23,5,3,51,43,6,64.6,65.9,63.7,63.5,403,0.254,94.3,0.951,57.7,Intelligent Robotics
SCH1152,SMK Sri Aman,Kuala Lumpur,17,473,8,2,Secondary,Employed,23.9,76.1,69,29,9,-7,69,44,-13,31.9,88.8,82.6,22.9,192,-0.325,90.7,0.282,95.0,Bachelor of Analytical Economics (Hons)
SCH1153,SMK Aman Taman,Negeri Sembilan,11,1023,6,2,Secondary,Self-Employed,33.7,66.3,66,26,6,2,57,29,14,59.4,84.6,63.3,49.8,115,-0.296,47.9,0.296,59.4,Knowledge Management
SCH1154,SMK Damai Taman,Kuala Lumpur,28,1717,4,2,Secondary,Self-Employed,25.5,74.5,70,27,9,-6,53,26,21,84.2,54.7,87.7,51.6,432,0.039,49.8,0.425,3.8,Game Development
SCH1155,SMK Bestari Putra,Kuala Lumpur,53,880,4,3,Primary,Employed,29.6,70.4,68,29,10,-7,70,44,-14,46.1,30.1,81.1,96.7,37,0.232,74.8,0.416,75.9,Visual Effects
SCH1156,SMK Taman Aman,Sabah,50,1765,9,2,Secondary,Employed,28.2,71.8,65,23,10,2,69,44,-13,40.5,56.6,59.0,75.4,31,-0.333,84.6,0.584,95.2,Game Development
SCH1157,SMK Taman Aman,Sabah,86,704,4,2,Secondary,Self-Employed,25.9,74.1,64,24,10,2,65,24,11,79.6,42.0,98.1,44.9,193,0.197,80.0,0.462,92.1,Human Resource Management
SCH1158,SMK Damai Bukit,Penang,39,708,9,2,Primary,Employed,28.2,71.8,63,23,9,5,52,41,7,79.1,80.9,69.3,94.7,64,-0.188,63.8,0.507,38.7,Bachelor of Digital Enterprise Management (Hons)
SCH1159,SMK Putra Indah,Melaka,18,568,6,3,Primary,Self-Employed,27.7,72.3,60,21,9,10,53,43,4,79.4,67.4,67.9,43.0,452,0.218,90.4,0.179,80.0,Animation
SCH1160,SMK Bukit Melawati,Kelantan,19,915,6,2,Degree,Employed,22.6,77.4,65,22,5,8,54,32,14,47.5,73.7,70.0,83.3,82,0.128,47.3,0.163,18.7,Visual Effects
SCH1161,SMK Maju Bandar,Selangor,53,530,8,2,Diploma,Employed,35.1,64.9,68,24,10,-2,50,42,8,60.3,78.0,53.3,5.7,46,-0.119,98.7,0.785,73.3,Media Arts
SCH1162,SMK Damai Taman,Penang,14,414,6,3,Diploma,Unemployed,32.1,67.9,68,28,6,-2,59,41,0,37.2,68.3,98.5,55.5,81,0.205,59.6,0.347,39.8,Electronics
SCH1163,SMK Bukit Seri,Sarawak,3,977,5,1,Secondary,Employed,29.2,70.8,69,25,10,-4,59,30,11,42.0,94.8,34.8,43.0,147,0.099,73.7,0.649,26.7,Mechanical
SCH1164,SMK Indah Sri,Kedah,22,1357,10,2,Secondary,Employed,33.9,66.1,70,21,9,0,53,25,22,38.2,61.4,72.9,21.3,434,0.383,44.2,0.588,70.1,Bachelor of Management (Hons)
SCH1165,SMK Damai Putra,Perlis,28,1672,4,1,Degree,Employed,40.0,60.0,62,20,6,12,53,33,14,88.8,43.2,77.1,97.7,144,-0.002,82.0,0.327,89.0,Mechanical
SCH1166,SMK Melawati Seri,Negeri Sembilan,25,566,10,3,Secondary,Employed,39.8,60.2,61,23,9,7,57,31,12,43.9,91.4,81.7,1.4,62,-0.144,31.1,0.077,91.1,Marketing Management
SCH1167,SMK Putra Sri,Sarawak,61,1145,6,1,Secondary,Employed,32.7,67.3,66,29,6,-1,54,42,4,64.5,49.8,85.1,39.7,357,0.243,81.7,0.521,6.8,Security Technology
SCH1168,SMK Putra Seri,Sabah,81,1296,8,1,Secondary,Employed,34.1,65.9,68,21,7,4,69,25,6,74.1,47.4,79.4,42.8,419,0.035,40.1,0.784,41.9,Telecommunications
SCH1169,SMK Putra Harmoni,Labuan,22,711,6,2,Secondary,Employed,28.7,71.3,66,30,10,-6,53,39,8,49.7,79.9,30.8,40.9,101,-0.341,41.2,0.07,18.6,Electrical
SCH1170,SMK Maju Bukit,Negeri Sembilan,71,1162,8,3,Secondary,Self-Employed,39.3,60.7,68,24,9,-1,69,37,-6,51.5,94.0,96.7,32.7,489,-0.126,49.0,0.232,31.9,Strategic Communication
SCH1171,SMK Bandar Maju,Terengganu,9,1229,6,2,Secondary,Employed,20.1,79.9,64,29,5,2,61,40,-1,82.4,60.7,72.7,16.0,164,-0.089,80.5,0.385,48.9,Nanotechnology
SCH1172,SMK Taman Seri,Terengganu,17,1470,8,2,Diploma,Employed,28.6,71.4,69,22,8,1,51,33,16,44.8,51.8,41.7,24.4,126,-0.266,45.4,0.96,61.6,Electronics
SCH1173,SMK Melawati Indah,Terengganu,9,1398,4,1,Secondary,Employed,32.1,67.9,69,20,9,2,67,26,7,58.8,90.9,74.2,53.3,204,0.197,64.7,0.933,43.9,Computer
SCH1174,SMK Maju Harmoni,Perak,26,216,10,1,Diploma,Employed,32.7,67.3,70,28,7,-5,52,39,9,92.0,45.5,80.0,88.2,309,0.223,67.5,0.836,82.1,Virtual Reality
SCH1175,SMK Harmoni Sri,Putrajaya,41,698,7,2,Diploma,Employed,36.7,63.3,62,22,6,10,57,36,7,63.9,30.9,58.7,64.8,145,0.402,44.2,0.067,87.7,Cybersecurity
SCH1176,SMK Harmoni Bestari,Selangor,57,491,10,2,Diploma,Employed,36.0,64.0,63,30,6,1,52,43,5,34.9,81.0,72.6,70.7,131,-0.036,80.6,0.657,70.9,Advertising Design
SCH1177,SMK Taman Sri,Sarawak,30,1458,5,2,Secondary,Employed,27.5,72.5,61,27,5,7,52,31,17,59.8,68.4,66.5,35.0,479,0.018,39.8,0.671,62.0,Bachelor of Business Management (Hons)
SCH1178,SMK Taman Bandar,Terengganu,59,782,7,1,Degree,Self-Employed,31.0,69.0,62,24,6,8,53,34,13,70.5,74.3,41.0,47.4,268,0.213,57.0,0.589,18.5,Nanotechnology
SCH1179,SMK Bukit Taman,Terengganu,59,585,9,2,Diploma,Self-Employed,31.6,68.4,60,29,6,5,67,36,-3,61.1,61.6,97.1,43.1,61,0.192,48.5,0.939,63.6,Business Intelligence and Analytics
SCH1180,SMK Taman Melawati,Johor,94,884,7,3,Secondary,Employed,33.1,66.9,66,26,10,-2,69,29,2,82.3,40.5,45.2,46.4,21,-0.466,91.5,0.243,55.7,Software Engineering
SCH1181,SMK Harmoni Maju,Perak,46,889,9,2,Secondary,Employed,32.6,67.4,66,27,9,-2,55,42,3,89.1,47.4,70.4,6.7,175,0.327,93.2,0.934,80.1,Robotics & Automation
SCH1182,SMK Aman Bandar,Terengganu,74,1674,8,1,Secondary,Employed,30.9,69.1,70,30,9,-9,68,35,-3,31.0,35.6,51.9,1.6,414,0.264,73.7,0.762,3.9,Optical
SCH1183,SMK Bukit Harmoni,Labuan,58,1578,6,2,Degree,Employed,29.7,70.3,68,23,9,0,68,35,-3,77.3,39.7,70.5,56.9,342,0.428,95.0,0.342,52.8,Information System
SCH1184,SMK Aman Bukit,Sarawak,5,1786,8,2,Diploma,Self-Employed,33.5,66.5,70,30,9,-9,66,41,-7,37.7,94.8,74.2,5.4,58,0.197,75.4,0.275,15.6,Optical
SCH1185,SMK Seri Bukit,Putrajaya,71,1483,4,2,Diploma,Employed,38.0,62.0,60,21,8,11,66,39,-5,31.7,42.0,61.8,45.5,19,0.461,67.5,0.488,40.2,Bachelor of Digital Enterprise Management (Hons)
SCH1186,SMK Aman Taman,Terengganu,66,1004,4,1,Degree,Employed,21.3,78.7,65,23,9,3,57,41,2,72.5,91.7,91.8,65.9,6,0.002,98.3,0.683,37.5,Data Science
SCH1187,SMK Seri Damai,Penang,88,1479,10,2,Secondary,Employed,35.6,64.4,60,26,5,9,57,39,4,89.3,34.4,53.5,6.7,118,-0.104,76.9,0.892,30.6,Bachelor of Marketing (Hons)
SCH1188,SMK Maju Taman,Kuala Lumpur,11,1321,5,3,Primary,Employed,29.4,70.6,63,22,9,6,57,32,11,60.8,49.5,85.9,32.6,391,-0.28,31.4,0.827,36.6,Virtual Reality
SCH1189,SMK Aman Seri,Melaka,13,235,8,2,Degree,Self-Employed,26.1,73.9,65,27,10,-2,51,35,14,69.4,86.3,39.6,58.1,423,-0.196,51.8,0.003,17.4,Intelligent Robotics
SCH1190,SMK Bandar Aman,Penang,17,1288,10,3,Secondary,Self-Employed,25.7,74.3,65,28,6,1,68,36,-4,84.4,90.4,52.0,53.8,166,0.063,83.6,0.94,1.6,Artificial Intelligence
SCH1191,SMK Bukit Melawati,Negeri Sembilan,82,1044,4,2,Secondary,Self-Employed,23.1,76.9,66,28,7,-1,65,42,-7,38.6,78.9,59.1,51.4,487,-0.304,96.6,0.175,56.8,Bachelor of Law (Hons)
SCH1192,SMK Harmoni Putra,Perlis,60,469,10,1,Master,Unemployed,25.6,74.4,65,27,8,0,70,27,3,45.3,42.8,87.8,28.6,421,0.47,70.0,0.143,37.5,Bachelor of Cinematic Arts (Hons)
SCH1193,SMK Aman Bandar,Kelantan,10,586,6,1,Diploma,Employed,34.8,65.2,64,23,5,8,58,45,-3,91.2,47.5,48.4,0.1,126,0.1,33.7,0.377,23.2,Advertising Design
SCH1194,SMK Indah Harmoni,Melaka,97,1110,8,2,Secondary,Unemployed,26.7,73.3,70,26,9,-5,66,40,-6,73.1,83.2,65.9,70.4,12,0.269,57.9,0.828,17.1,Bachelor of Management (Hons)
SCH1195,SMK Melawati Bandar,Negeri Sembilan,94,860,10,2,Secondary,Employed,26.3,73.7,63,29,8,0,70,44,-14,49.5,89.7,95.0,99.6,43,-0.475,61.4,0.237,5.0,Marketing Management
SCH1196,SMK Damai Sri,Johor,78,1216,4,2,Degree,Employed,23.7,76.3,62,30,7,1,66,25,9,46.6,77.4,69.6,92.9,389,-0.134,52.3,0.749,43.1,Optical
SCH1197,SMK Bandar Indah,Perak,49,426,6,2,Primary,Unemployed,32.3,67.7,67,22,8,3,66,30,4,77.5,52.2,89.4,94.7,370,0.006,54.5,0.913,34.0,Bachelor of Analytical Economics (Hons)
SCH1198,SMK Melawati Seri,Terengganu,52,1793,4,2,Diploma,Unemployed,24.6,75.4,67,27,7,-1,50,34,16,54.0,88.4,95.5,18.6,207,-0.047,43.9,0.165,24.0,Virtual Reality
SCH1199,SMK Seri Bandar,Perak,76,1510,10,3,Secondary,Employed,23.6,76.4,69,27,10,-6,59,33,8,82.6,82.8,70.5,90.4,4,-0.385,95.9,0.784,46.2,Virtual Reality
SCH1200,SMK Taman Indah,Perlis,53,1779,5,2,Degree,Employed,26.0,74.0,66,20,10,4,51,27,22,53.9,60.1,88.2,12.0,445,-0.014,38.2,0.682,95.0,Human Resource Management
SCH1201,SMK Seri Bukit,Kuala Lumpur,52,1174,9,3,Secondary,Employed,35.1,64.9,65,20,7,8,65,36,-1,81.3,76.1,95.2,82.1,213,0.023,79.0,0.411,56.1,Computer
SCH1202,SMK Bukit Aman,Melaka,72,702,6,3,Primary,Employed,24.9,75.1,65,24,5,6,65,26,9,81.7,32.3,76.1,53.2,331,0.373,85.3,0.748,56.1,Bachelor of Financial Engineering (Hons)
SCH1203,SMK Indah Sri,Terengganu,54,931,5,2,Primary,Self-Employed,29.5,70.5,67,21,8,4,61,25,14,62.1,45.9,73.0,25.3,190,0.189,92.8,0.745,7.6,Telecommunications
SCH1204,SMK Harmoni Taman,Kelantan,80,207,9,2,Secondary,Employed,29.7,70.3,65,22,10,3,63,39,-2,39.8,70.4,83.3,78.2,414,-0.197,95.3,0.119,93.4,Electronics
SCH1205,SMK Bukit Sri,Johor,23,1440,5,2,Secondary,Employed,25.7,74.3,65,30,6,-1,67,28,5,69.4,80.0,34.8,41.8,374,0.012,84.2,0.044,69.3,Business Intelligence and Analytics
SCH1206,SMK Seri Bestari,Kelantan,19,1835,6,1,Degree,Self-Employed,22.2,77.8,70,21,5,4,52,28,20,58.9,77.3,76.1,7.0,238,-0.212,68.9,0.029,90.7,Animation
SCH1207,SMK Indah Bukit,Melaka,45,1057,7,3,Diploma,Employed,36.9,63.1,67,27,7,-1,58,31,11,45.4,92.0,95.4,91.6,489,-0.183,50.0,0.091,31.5,Optical
SCH1208,SMK Bukit Bestari,Kedah,69,932,10,2,Degree,Employed,30.8,69.2,69,23,9,-1,55,34,11,89.1,63.9,66.0,30.8,211,-0.285,91.9,0.559,82.8,Visual Effects
SCH1209,SMK Melawati Bandar,Sarawak,17,1319,7,1,Secondary,Employed,36.3,63.7,65,27,10,-2,51,24,25,58.0,84.8,48.6,99.0,2,0.498,43.4,0.46,43.1,Intelligent Robotics
SCH1210,SMK Melawati Bandar,Sarawak,73,913,6,2,Secondary,Employed,30.9,69.1,68,29,10,-7,58,37,5,57.5,37.0,31.2,66.2,115,-0.164,35.4,0.235,83.0,Software Engineering
SCH1211,SMK Harmoni Melawati,Pahang,45,1102,10,1,Secondary,Employed,24.7,75.3,68,29,6,-3,60,40,0,70.2,57.5,32.0,58.3,261,0.282,52.0,0.248,69.8,Bachelor of Finance (Hons)
SCH1212,SMK Putra Bukit,Selangor,77,1198,9,3,Secondary,Self-Employed,32.4,67.6,66,27,8,-1,61,37,2,88.3,86.4,45.7,22.6,468,-0.412,36.3,0.193,5.1,Bachelor of Accounting (Hons)
SCH1213,SMK Bandar Taman,Labuan,76,1836,9,1,Secondary,Employed,28.7,71.3,63,24,9,4,52,39,9,57.6,67.1,41.3,57.2,63,-0.204,93.8,0.547,73.4,Virtual Reality
SCH1214,SMK Bukit Taman,Labuan,36,1117,5,1,Primary,Employed,25.3,74.7,65,23,10,2,69,44,-13,51.8,38.5,37.8,64.8,115,0.172,87.8,0.673,82.4,Robotics & Automation
SCH1215,SMK Indah Sri,Kedah,5,1115,10,2,Secondary,Employed,33.0,67.0,61,29,5,5,59,31,10,38.2,41.8,54.6,76.2,340,0.366,50.3,0.468,61.9,International Management
SCH1216,SMK Indah Taman,Melaka,10,329,5,2,Secondary,Self-Employed,34.6,65.4,66,24,8,2,56,39,5,87.3,32.8,92.3,99.2,320,0.152,84.7,0.791,60.2,Electronics
SCH1217,SMK Sri Melawati,Melaka,19,609,6,3,Diploma,Self-Employed,32.7,67.3,62,29,7,2,66,26,8,83.6,30.4,30.1,37.8,283,0.269,45.8,0.692,23.3,Bachelor of Management (Hons)
SCH1218,SMK Sri Bestari,Terengganu,42,502,8,2,Secondary,Employed,26.7,73.3,61,29,5,5,51,36,13,53.2,62.6,31.0,8.2,225,0.342,63.8,0.777,67.3,Bachelor of Finance (Hons)
SCH1219,SMK Bestari Aman,Melaka,24,1122,5,3,Master,Employed,31.7,68.3,64,23,9,4,56,45,-1,34.9,36.3,72.1,34.1,127,0.363,40.5,0.852,99.1,Artificial Intelligence
SCH1220,SMK Bestari Taman,Pahang,78,838,8,2,Diploma,Employed,31.8,68.2,62,26,9,3,65,29,6,76.3,74.4,71.5,1.6,197,0.185,93.2,0.837,12.7,Telecommunications
SCH1221,SMK Harmoni Maju,Kuala Lumpur,32,1750,7,3,Secondary,Employed,30.7,69.3,64,30,8,-2,57,38,5,38.3,30.0,79.8,35.7,82,-0.352,36.4,0.815,89.4,Animation
SCH1222,SMK Bukit Maju,Melaka,35,1868,4,3,Degree,Employed,27.3,72.7,60,23,8,9,60,31,9,99.1,61.1,67.2,87.4,98,0.391,62.5,0.32,47.6,Digital Business Management
SCH1223,SMK Bukit Seri,Johor,81,905,8,3,Secondary,Employed,23.3,76.7,60,22,8,10,52,29,19,70.5,78.5,79.0,75.3,259,-0.074,99.6,0.093,78.0,Bachelor of Finance (Hons)
SCH1224,SMK Bukit Bandar,Terengganu,60,1664,9,1,Secondary,Self-Employed,26.3,73.7,67,29,6,-2,65,43,-8,63.5,71.0,67.9,8.6,210,0.332,98.3,0.474,6.7,Data Communications and Networking
SCH1225,SMK Melawati Harmoni,Sarawak,26,1265,6,2,Secondary,Employed,26.4,73.6,65,23,10,2,65,33,2,40.8,98.4,68.1,13.6,430,-0.135,74.9,0.466,19.0,Knowledge Management
SCH1226,SMK Sri Seri,Sabah,12,1786,8,1,Diploma,Unemployed,33.1,66.9,66,29,7,-2,57,36,7,38.4,70.9,97.9,37.8,53,-0.033,35.4,0.166,6.1,Bachelor of Digital Enterprise Management (Hons)
SCH1227,SMK Maju Seri,Selangor,17,1162,9,2,Secondary,Employed,30.9,69.1,67,28,7,-2,55,34,11,73.0,73.1,62.0,39.7,319,0.314,95.8,0.649,95.5,Robotics & Automation
SCH1228,SMK Seri Maju,Perlis,74,849,4,2,Secondary,Employed,25.8,74.2,64,21,8,7,66,28,6,44.6,34.1,68.7,59.5,456,-0.401,38.2,0.254,29.5,Interface Design
SCH1229,SMK Bestari Aman,Melaka,43,1506,9,2,Primary,Self-Employed,28.2,71.8,62,30,7,1,53,29,18,35.6,95.8,82.9,58.7,131,-0.299,52.1,0.791,91.6,Artificial Intelligence
SCH1230,SMK Bandar Seri,Melaka,18,1313,8,2,Diploma,Employed,37.7,62.3,67,25,7,1,54,42,4,70.6,95.5,77.1,48.1,228,0.286,73.3,0.342,87.4,Data Science
SCH1231,SMK Bukit Bestari,Selangor,29,1384,6,2,Secondary,Employed,22.1,77.9,64,25,6,5,52,31,17,93.2,56.8,45.1,44.3,442,-0.303,60.9,0.199,26.4,Data Science
SCH1232,SMK Indah Harmoni,Kedah,93,221,5,3,Diploma,Self-Employed,22.4,77.6,66,22,5,7,58,37,5,87.4,87.7,85.1,28.3,442,-0.273,76.7,0.08,44.2,Bachelor of Management (Hons)
SCH1233,SMK Melawati Bestari,Labuan,3,1562,5,1,Secondary,Employed,38.7,61.3,65,22,7,6,57,32,11,88.7,40.2,65.4,6.2,44,0.053,66.4,0.995,20.2,Animation & Visual Effects
SCH1234,SMK Putra Aman,Kuala Lumpur,77,1216,10,2,Primary,Employed,40.0,60.0,60,29,7,4,65,38,-3,61.8,61.6,95.6,98.4,187,-0.377,66.3,0.246,35.8,Human Resource Management
SCH1235,SMK Bandar Harmoni,Sarawak,6,1164,6,1,Degree,Employed,33.0,67.0,61,30,8,1,67,38,-5,59.0,75.7,70.6,2.2,248,-0.402,97.0,0.599,72.9,Bachelor of Business Management (Hons)
SCH1236,SMK Bestari Maju,Putrajaya,94,628,8,2,Primary,Employed,32.0,68.0,61,21,5,13,59,42,-1,99.5,46.8,91.2,83.1,427,-0.01,74.2,0.74,61.2,Interface Design
SCH1237,SMK Maju Taman,Perak,19,275,10,1,Diploma,Employed,23.3,76.7,70,23,9,-2,66,29,5,78.4,39.8,59.1,54.9,332,0.119,69.8,0.059,63.3,Data Science
SCH1238,SMK Bestari Damai,Kelantan,60,884,9,1,Diploma,Employed,24.8,75.2,68,20,10,2,68,35,-3,79.1,71.2,95.7,35.0,462,-0.339,63.0,0.553,57.0,Telecommunications
SCH1239,SMK Bandar Bestari,Kedah,88,1526,6,2,Diploma,Employed,29.1,70.9,65,30,5,0,70,37,-7,58.9,43.7,65.9,13.1,176,-0.367,48.3,0.419,59.9,Bachelor of Accounting (Hons)
SCH1240,SMK Melawati Bukit,Perlis,66,1760,5,1,Secondary,Employed,33.2,66.8,66,24,7,3,50,43,7,73.8,68.5,58.5,52.1,189,0.142,49.3,0.495,12.2,Marketing Management
SCH1241,SMK Putra Maju,Kedah,89,1961,8,3,Secondary,Self-Employed,30.6,69.4,62,28,5,5,59,43,-2,41.5,42.7,85.3,38.5,344,0.055,71.2,0.426,61.5,Strategic Communication
SCH1242,SMK Maju Sri,Putrajaya,39,486,5,3,Diploma,Employed,22.1,77.9,67,28,9,-4,57,27,16,48.6,53.3,69.0,70.7,260,0.065,76.4,0.679,93.2,Marketing Management
SCH1243,SMK Sri Bandar,Sabah,74,1412,10,1,Diploma,Employed,37.4,62.6,68,24,7,1,51,28,21,39.7,90.1,65.0,67.5,73,0.412,32.8,0.512,68.0,Information System
SCH1244,SMK Taman Maju,Selangor,23,1838,10,2,Secondary,Employed,27.8,72.2,66,20,9,5,51,37,12,60.0,74.2,80.8,36.7,98,-0.073,75.2,0.745,23.2,Media Arts
SCH1245,SMK Bukit Melawati,Sarawak,60,1690,9,1,Diploma,Unemployed,25.5,74.5,63,28,8,1,51,37,12,42.8,96.9,56.4,33.9,472,0.403,48.7,0.812,8.2,Visual Effects
SCH1246,SMK Harmoni Taman,Putrajaya,83,1777,4,2,Degree,Self-Employed,27.2,72.8,67,21,10,2,65,37,-2,75.2,65.7,38.4,31.2,386,-0.323,30.4,0.445,8.4,Information System
SCH1247,SMK Indah Putra,Pahang,56,1445,6,2,Degree,Employed,32.1,67.9,70,26,5,-1,62,25,13,71.8,35.7,75.3,62.5,386,-0.331,33.8,0.717,47.5,Bachelor of Accounting (Hons)
SCH1248,SMK Taman Harmoni,Pahang,71,371,10,1,Degree,Employed,33.0,67.0,68,30,5,-3,52,40,8,88.0,88.1,79.7,10.5,115,-0.031,79.4,0.922,14.2,Media Arts
SCH1249,SMK Bestari Putra,Selangor,24,1851,10,3,Secondary,Employed,25.7,74.3,65,30,6,-1,53,32,15,78.7,74.1,90.4,13.2,487,-0.107,39.7,0.011,54.4,Mechanical
SCH1250,SMK Bandar Aman,Johor,34,1669,10,2,Secondary,Employed,35.1,64.9,68,25,10,-3,57,26,17,35.1,76.4,71.7,41.5,84,-0.089,87.2,0.895,85.3,Information System
SCH1251,SMK Aman Bandar,Putrajaya,43,1496,5,2,Degree,Employed,29.2,70.8,65,20,5,10,53,28,19,94.4,54.2,33.8,20.4,196,0.362,37.4,0.554,51.3,Optical
SCH1252,SMK Bandar Maju,Pahang,22,873,10,2,Diploma,Self-Employed,25.4,74.6,60,27,8,5,53,42,5,35.1,82.1,79.8,23.4,438,-0.464,99.6,0.233,5.4,Visual Effects
SCH1253,SMK Damai Bandar,Sabah,88,1279,4,1,Degree,Employed,33.8,66.2,64,30,9,-3,58,40,2,90.3,90.6,30.7,77.8,313,-0.462,86.6,0.321,56.2,Electrical
SCH1254,SMK Taman Maju,Pahang,86,1729,4,2,Secondary,Self-Employed,31.3,68.7,68,30,8,-6,59,43,-2,38.5,31.3,93.3,6.9,327,-0.192,46.9,0.234,6.8,Human Resource Management
SCH1255,SMK Damai Seri,Kelantan,86,1920,10,1,Secondary,Employed,21.4,78.6,70,23,10,-3,68,33,-1,67.6,88.8,53.8,70.9,121,-0.202,52.4,0.164,78.3,Interface Design
SCH1256,SMK Taman Bandar,Pahang,67,1791,10,1,Primary,Unemployed,32.4,67.6,65,24,5,6,68,25,7,47.3,90.2,41.8,85.4,167,-0.288,38.1,0.836,50.2,Security Technology
SCH1257,SMK Putra Sri,Johor,59,734,10,2,Secondary,Employed,27.7,72.3,63,26,7,4,51,34,15,43.6,61.3,88.1,65.5,360,0.146,40.9,0.547,8.7,Electronics
SCH1258,SMK Bukit Putra,Kedah,6,244,4,1,Secondary,Unemployed,29.3,70.7,63,26,7,4,54,26,20,83.4,37.6,98.7,38.2,333,-0.022,83.8,0.629,63.3,Business Intelligence and Analytics
SCH1259,SMK Taman Harmoni,Johor,41,880,10,3,Degree,Employed,32.1,67.9,70,26,5,-1,50,38,12,77.0,94.8,73.3,82.5,157,0.314,56.7,0.132,19.7,Information System
SCH1260,SMK Bukit Seri,Labuan,42,1939,4,2,Diploma,Self-Employed,29.4,70.6,69,21,8,2,67,31,2,58.9,44.0,58.9,7.2,473,-0.184,33.9,0.61,24.1,Human Resource Management
SCH1261,SMK Seri Bandar,Pahang,41,628,9,1,Primary,Unemployed,23.1,76.9,61,28,8,3,58,28,14,94.8,41.3,97.6,20.6,202,-0.26,61.1,0.282,8.1,Bachelor of Law (Hons)
SCH1262,SMK Melawati Bukit,Johor,18,1777,7,3,Secondary,Employed,26.3,73.7,61,30,8,1,64,35,1,33.8,52.0,64.9,21.7,246,0.244,94.3,0.424,34.2,International Management
SCH1263,SMK Maju Bestari,Selangor,49,537,8,2,Degree,Employed,36.0,64.0,60,20,7,13,60,41,-1,89.4,55.4,85.6,94.1,262,-0.161,68.1,0.041,74.5,Information System
SCH1264,SMK Maju Putra,Johor,49,1760,5,2,Secondary,Employed,40.0,60.0,63,26,5,6,63,35,2,37.9,71.8,63.9,2.7,211,-0.284,97.7,0.715,95.7,Computer
SCH1265,SMK Indah Aman,Kuala Lumpur,30,1784,7,3,Secondary,Employed,26.6,73.4,61,29,9,1,65,28,7,33.8,31.5,55.1,33.4,336,0.339,68.5,0.153,72.8,Cybersecurity
SCH1266,SMK Bestari Bukit,Kelantan,55,1491,5,2,Secondary,Employed,30.1,69.9,63,25,6,6,61,44,-5,87.1,71.8,57.6,47.3,47,0.084,44.5,0.851,8.4,Bachelor of Finance (Hons)
SCH1267,SMK Damai Bestari,Penang,59,1292,6,2,Degree,Self-Employed,33.7,66.3,64,24,5,7,64,27,9,43.8,44.8,32.9,32.2,266,0.204,95.0,0.739,30.6,Electrical
SCH1268,SMK Indah Bandar,Penang,14,977,7,2,Primary,Employed,32.9,67.1,60,26,8,6,59,37,4,79.5,79.8,92.9,58.3,18,0.423,83.4,0.592,19.2,Security Technology
SCH1269,SMK Melawati Indah,Kelantan,11,1670,4,2,Secondary,Employed,32.7,67.3,70,24,8,-2,59,45,-4,86.4,43.0,35.9,43.6,13,0.356,82.5,0.805,13.7,Cybersecurity
SCH1270,SMK Harmoni Indah,Kuala Lumpur,39,1243,10,3,Secondary,Self-Employed,29.9,70.1,69,26,10,-5,55,41,4,73.6,34.4,52.7,67.3,404,0.018,73.0,0.237,48.3,Bachelor of Law (Hons)
SCH1271,SMK Harmoni Damai,Sarawak,18,931,4,1,Degree,Employed,27.3,72.7,69,28,8,-5,58,33,9,70.4,38.3,32.6,5.3,381,-0.117,80.3,0.548,94.4,Bachelor of Cinematic Arts (Hons)
SCH1272,SMK Seri Putra,Kedah,18,886,4,2,Diploma,Self-Employed,36.5,63.5,67,27,9,-3,61,45,-6,37.0,83.7,97.6,97.0,163,0.017,49.9,0.517,84.8,International Management
SCH1273,SMK Sri Bukit,Kedah,94,1498,5,2,Secondary,Employed,23.5,76.5,67,21,9,3,57,42,1,93.9,72.7,68.2,25.0,284,-0.28,66.1,0.102,75.2,Cybersecurity
SCH1274,SMK Bandar Harmoni,Kedah,75,1331,7,2,Degree,Employed,27.9,72.1,66,27,10,-3,58,39,3,91.6,75.4,92.9,62.4,180,-0.184,89.1,0.476,67.0,Animation
SCH1275,SMK Taman Damai,Selangor,32,1578,10,3,Primary,Employed,34.7,65.3,63,30,8,-1,54,45,1,62.8,40.4,98.9,20.9,150,0.452,53.9,0.986,83.9,International Management
SCH1276,SMK Indah Bukit,Labuan,53,1073,4,1,Secondary,Employed,30.0,70.0,64,25,8,3,52,29,19,98.4,43.1,61.2,48.8,57,-0.137,95.7,0.276,33.2,Data Communications and Networking
SCH1277,SMK Melawati Taman,Perak,72,1324,6,1,Diploma,Self-Employed,27.2,72.8,64,22,10,4,68,34,-2,51.3,98.8,75.0,71.8,280,-0.095,46.7,0.629,64.0,Telecommunications
SCH1278,SMK Damai Indah,Negeri Sembilan,18,1138,6,2,Diploma,Employed,28.5,71.5,61,29,8,2,69,29,2,50.2,55.9,76.5,11.8,250,-0.443,70.8,0.884,15.2,Animation & Visual Effects
SCH1279,SMK Maju Damai,Johor,62,493,10,3,Diploma,Employed,40.0,60.0,66,26,6,2,66,32,2,76.3,32.7,55.8,97.9,50,0.014,90.0,0.467,36.0,Bachelor of Management (Hons)
SCH1280,SMK Melawati Aman,Perlis,77,1110,6,1,Secondary,Employed,26.2,73.8,66,24,8,2,61,45,-6,34.4,87.6,51.8,40.2,144,-0.031,90.1,0.305,19.3,Game Development
SCH1281,SMK Maju Sri,Kuala Lumpur,36,1067,7,3,Secondary,Employed,29.8,70.2,64,23,7,6,51,26,23,54.0,99.2,64.0,17.9,452,-0.05,47.8,0.352,70.6,Computer
SCH1282,SMK Aman Maju,Negeri Sembilan,8,1416,7,3,Diploma,Self-Employed,33.4,66.6,70,22,8,0,67,25,8,37.8,72.7,69.8,79.2,291,-0.023,57.2,0.887,89.4,Bachelor of Finance (Hons)
SCH1283,SMK Sri Aman,Sabah,91,1756,7,2,Master,Employed,29.3,70.7,63,25,10,2,53,44,3,70.6,49.8,49.5,40.5,192,0.088,87.4,0.392,44.8,Cybersecurity
SCH1284,SMK Bukit Sri,Perlis,55,1659,7,1,Secondary,Unemployed,29.2,70.8,60,26,5,9,66,26,8,95.6,77.6,69.9,61.0,314,0.038,31.0,0.258,45.0,Marketing Management
SCH1285,SMK Sri Putra,Melaka,19,1752,8,3,Secondary,Employed,32.2,67.8,60,26,8,6,57,37,6,33.9,39.0,34.0,84.5,284,-0.273,68.1,0.695,51.5,Digital Business Management
SCH1286,SMK Aman Putra,Perlis,83,979,5,1,Diploma,Employed,22.2,77.8,68,27,8,-3,52,43,5,53.7,79.4,43.1,75.1,9,-0.239,30.6,0.648,51.1,Security Technology
SCH1287,SMK Melawati Indah,Kedah,46,1250,7,3,Primary,Employed,24.1,75.9,67,25,10,-2,51,31,18,57.2,39.2,48.4,58.1,200,-0.256,97.7,0.958,24.8,Information System
SCH1288,SMK Taman Sri,Selangor,30,1227,10,3,Secondary,Employed,39.8,60.2,66,23,9,2,55,28,17,87.5,39.7,82.3,4.8,105,-0.179,43.5,0.309,97.5,Interface Design
SCH1289,SMK Aman Putra,Kedah,66,785,10,2,Master,Employed,31.4,68.6,68,22,8,2,56,26,18,34.5,71.7,81.8,21.1,43,0.187,87.0,0.417,31.0,Animation & Visual Effects
SCH1290,SMK Aman Bestari,Kelantan,86,273,6,1,Primary,Employed,34.1,65.9,63,29,5,3,69,30,1,83.2,80.6,30.5,50.9,276,-0.109,98.4,0.955,80.0,Electrical
SCH1291,SMK Bandar Bukit,Perlis,40,887,9,1,Secondary,Employed,40.0,60.0,63,30,10,-3,66,28,6,51.9,34.3,79.1,1.0,179,-0.274,42.3,0.866,44.4,Bachelor of Digital Enterprise Management (Hons)
SCH1292,SMK Melawati Sri,Sarawak,55,1034,6,2,Master,Unemployed,30.8,69.2,67,29,5,-1,56,39,5,69.9,30.1,48.2,51.8,381,0.389,69.9,0.632,51.9,Bachelor of Financial Engineering (Hons)
SCH1293,SMK Putra Sri,Perak,31,1810,8,2,Secondary,Employed,25.4,74.6,63,28,6,3,67,40,-7,62.5,39.3,94.9,86.8,380,-0.196,73.5,0.302,90.0,Bachelor of Marketing (Hons)
SCH1294,SMK Taman Melawati,Melaka,89,1558,7,2,Secondary,Self-Employed,34.0,66.0,64,26,6,4,55,45,0,90.6,64.9,50.8,26.5,122,0.192,85.7,0.163,10.4,Human Resource Management
SCH1295,SMK Maju Bukit,Kelantan,98,1891,5,1,Secondary,Employed,26.9,73.1,66,24,9,1,69,37,-6,33.5,48.0,39.5,26.0,37,-0.113,87.5,0.969,45.4,Bachelor of Cinematic Arts (Hons)
SCH1296,SMK Taman Indah,Putrajaya,95,1370,4,3,Degree,Employed,23.1,76.9,67,23,7,3,49,29,22,78.8,80.8,88.5,97.4,45,-0.478,36.4,0.681,87.9,Optical
SCH1297,SMK Bukit Taman,Labuan,99,1514,10,1,Diploma,Self-Employed,20.0,80.0,63,22,7,8,51,42,7,34.5,71.5,87.8,85.8,417,-0.031,95.0,0.641,31.2,Virtual Reality
SCH1298,SMK Bandar Bukit,Pahang,85,248,10,2,Secondary,Employed,36.8,63.2,69,25,8,-2,57,29,14,38.8,75.9,32.8,59.8,435,0.216,98.1,0.983,49.4,Artificial Intelligence
SCH1299,SMK Seri Bandar,Kedah,54,354,9,2,Secondary,Employed,24.6,75.4,68,30,5,-3,70,31,-1,43.5,37.1,93.8,82.1,447,0.221,66.0,0.606,63.2,Strategic Communication
SCH1300,SMK Aman Putra,Terengganu,9,1494,9,2,Secondary,Employed,27.5,72.5,65,26,5,4,57,40,3,66.8,37.7,44.2,99.8,72,-0.216,99.6,0.967,44.1,Bachelor of Analytical Economics (Hons)
SCH1301,SMK Bukit Indah,Johor,43,1187,7,3,Diploma,Self-Employed,27.6,72.4,69,23,5,3,63,26,11,77.3,90.1,97.4,62.8,435,-0.157,53.0,0.602,32.2,Bachelor of Business Management (Hons)
SCH1302,SMK Taman Harmoni,Negeri Sembilan,66,1025,5,2,Degree,Employed,33.2,66.8,63,20,5,12,66,25,9,32.3,96.8,44.7,78.9,310,-0.324,46.5,0.494,91.5,Intelligent Robotics
SCH1303,SMK Seri Damai,Johor,24,710,5,3,Secondary,Unemployed,30.0,70.0,70,20,7,3,64,40,-4,70.2,54.6,88.3,49.3,67,-0.052,58.4,0.984,29.2,Electrical
SCH1304,SMK Bestari Seri,Penang,41,1201,5,3,Secondary,Unemployed,32.5,67.5,64,21,5,10,56,28,16,68.2,77.9,43.3,52.1,187,-0.312,51.3,0.093,14.4,Marketing Management
SCH1305,SMK Aman Putra,Perlis,80,794,4,1,Secondary,Employed,28.5,71.5,63,24,9,4,53,28,19,36.1,46.6,41.5,12.5,401,0.037,77.4,0.683,62.9,Animation
SCH1306,SMK Melawati Bandar,Penang,29,1021,5,3,Degree,Employed,32.5,67.5,70,20,7,3,56,39,5,92.1,49.3,45.7,85.7,81,-0.117,74.1,0.43,43.8,Animation
SCH1307,SMK Sri Indah,Kelantan,5,1560,5,2,Degree,Employed,25.6,74.4,69,28,5,-2,50,28,22,34.7,48.8,93.9,63.3,461,-0.15,52.1,0.791,68.1,Advertising Design
SCH1308,SMK Damai Seri,Melaka,82,953,4,2,Degree,Unemployed,34.1,65.9,63,29,5,3,55,37,8,48.6,76.4,97.6,91.6,299,0.27,74.1,0.988,34.4,Virtual Reality
SCH1309,SMK Indah Melawati,Sabah,32,1512,9,1,Secondary,Self-Employed,30.8,69.2,69,28,9,-6,57,25,18,98.7,74.1,59.1,16.7,299,-0.362,33.8,0.019,14.4,Bachelor of Cinematic Arts (Hons)
SCH1310,SMK Bukit Bandar,Selangor,64,230,7,3,Secondary,Employed,26.3,73.7,69,27,7,-3,51,29,20,65.0,38.9,70.8,30.0,2,-0.025,87.1,0.432,79.6,Bachelor of Marketing (Hons)
SCH1311,SMK Melawati Sri,Sabah,49,1009,7,1,Diploma,Employed,29.9,70.1,69,21,9,1,52,31,17,32.0,75.1,49.4,45.0,490,0.236,52.4,0.506,16.3,Game Development
SCH1312,SMK Melawati Indah,Perlis,20,1711,4,2,Secondary,Employed,31.6,68.4,69,30,10,-9,68,42,-10,30.5,59.6,80.3,44.3,466,-0.231,98.8,0.383,17.8,Visual Effects
SCH1313,SMK Seri Melawati,Perak,5,305,7,1,Secondary,Employed,30.7,69.3,60,30,5,5,60,42,-2,44.3,73.9,55.1,99.6,153,-0.058,39.1,0.291,86.9,Bachelor of Management (Hons)
SCH1314,SMK Bukit Taman,Kedah,38,305,5,2,Secondary,Employed,21.9,78.1,65,25,10,0,55,31,14,95.4,74.6,92.9,45.7,103,-0.401,73.6,0.447,77.8,Security Technology
SCH1315,SMK Bandar Bestari,Sarawak,9,278,7,1,Degree,Self-Employed,28.9,71.1,61,22,10,7,51,33,16,98.9,76.6,50.0,58.6,322,-0.07,51.5,0.962,96.4,Game Development
SCH1316,SMK Damai Bestari,Perlis,94,1675,8,2,Primary,Employed,30.1,69.9,64,27,7,2,53,35,12,77.9,44.8,46.7,28.1,315,-0.293,94.8,0.366,10.4,Advertising Design
SCH1317,SMK Damai Bandar,Putrajaya,64,954,5,2,PhD,Self-Employed,25.3,74.7,67,29,9,-5,51,37,12,81.9,32.2,38.5,63.3,401,-0.131,83.9,0.811,40.0,Bachelor of Digital Enterprise Management (Hons)
SCH1318,SMK Maju Sri,Sabah,70,1214,7,1,Degree,Unemployed,32.5,67.5,67,25,10,-2,53,32,15,95.9,42.8,69.7,37.7,414,0.076,75.2,0.017,96.0,Business Intelligence and Analytics
SCH1319,SMK Sri Damai,Labuan,11,1566,4,1,Secondary,Unemployed,32.7,67.3,66,24,9,1,54,44,2,67.9,62.2,64.9,7.2,497,-0.374,83.6,0.21,32.3,Software Engineering
SCH1320,SMK Sri Putra,Kelantan,97,1736,6,2,Secondary,Employed,31.2,68.8,64,21,10,5,56,37,7,32.2,38.4,73.6,93.4,68,-0.045,82.7,0.132,54.7,Virtual Reality
SCH1321,SMK Seri Harmoni,Selangor,16,1721,7,3,Degree,Self-Employed,26.6,73.4,67,28,6,-1,67,37,-4,97.3,93.2,78.8,9.7,324,-0.264,80.0,0.874,12.7,Information System
SCH1322,SMK Taman Indah,Penang,4,1313,8,2,Secondary,Employed,35.1,64.9,60,20,5,15,70,41,-11,63.2,55.3,55.1,52.9,157,0.348,64.5,0.472,49.0,Electrical
SCH1323,SMK Aman Bestari,Kuala Lumpur,33,1966,5,3,Degree,Self-Employed,34.0,66.0,62,30,10,-2,52,29,19,66.9,69.0,98.5,77.3,10,-0.195,41.8,0.461,30.7,Interface Design
SCH1324,SMK Seri Putra,Putrajaya,7,1495,6,3,Secondary,Employed,32.5,67.5,63,20,5,12,54,43,3,81.2,35.4,76.5,23.8,467,0.276,53.7,0.564,20.5,Bachelor of Digital Enterprise Management (Hons)
SCH1325,SMK Aman Indah,Kedah,47,662,8,3,Primary,Self-Employed,29.7,70.3,69,27,7,-3,59,41,0,66.3,46.4,38.6,12.4,190,0.476,56.3,0.923,54.5,Strategic Communication
SCH1326,SMK Bukit Maju,Kedah,37,336,7,2,Primary,Self-Employed,22.9,77.1,62,30,7,1,66,40,-6,72.2,80.9,38.1,58.8,426,-0.124,82.9,0.54,7.7,Bachelor of Financial Engineering (Hons)
SCH1327,SMK Putra Aman,Kedah,84,470,7,2,Degree,Employed,30.7,69.3,69,22,7,2,51,32,17,91.3,84.8,41.8,51.2,117,-0.096,99.6,0.175,67.3,Artificial Intelligence
SCH1328,SMK Putra Bandar,Kelantan,53,1134,9,1,Diploma,Employed,29.6,70.4,63,21,9,7,54,28,18,34.3,61.5,44.3,56.7,148,-0.358,33.7,0.626,5.5,Bachelor of Business Management (Hons)
SCH1329,SMK Seri Aman,Sarawak,95,425,9,1,Secondary,Employed,40.0,60.0,61,21,9,9,65,30,5,37.7,57.3,46.9,1.6,325,-0.203,39.5,0.146,69.7,Media Arts
SCH1330,SMK Maju Bukit,Perak,34,1903,10,1,Diploma,Employed,30.6,69.4,66,26,9,-1,51,35,14,75.5,36.3,96.3,25.9,209,-0.184,85.2,0.682,88.9,Electronics
SCH1331,SMK Putra Aman,Negeri Sembilan,72,1698,7,2,Degree,Employed,32.5,67.5,66,29,5,0,54,26,20,55.3,58.4,86.7,37.9,461,-0.324,96.9,0.07,35.5,Virtual Reality
SCH1332,SMK Bukit Bandar,Perlis,7,1965,7,1,Secondary,Employed,24.9,75.1,66,26,9,-1,56,38,6,45.5,81.0,65.0,41.5,40,-0.333,85.8,0.72,8.6,Optical
SCH1333,SMK Indah Melawati,Kelantan,39,318,10,1,Primary,Employed,20.8,79.2,62,22,8,8,70,39,-9,99.4,91.8,63.1,52.0,356,0.475,89.0,0.501,98.1,Banking and Finance
SCH1334,SMK Maju Aman,Sarawak,40,1444,6,1,Degree,Employed,40.0,60.0,66,27,9,-2,49,38,13,89.5,67.9,86.3,50.9,256,0.214,44.5,0.569,86.8,Human Resource Management
SCH1335,SMK Sri Aman,Kuala Lumpur,8,1792,5,3,Primary,Employed,36.0,64.0,66,24,10,0,69,42,-11,91.7,54.5,35.8,72.5,301,-0.482,79.2,0.022,63.1,Bachelor of Digital Enterprise Management (Hons)
SCH1336,SMK Harmoni Maju,Kuala Lumpur,38,1359,9,3,Primary,Employed,35.4,64.6,60,23,10,7,65,33,2,54.0,43.6,69.3,31.5,196,-0.471,73.3,0.51,54.6,Bachelor of Digital Enterprise Management (Hons)
SCH1337,SMK Bukit Putra,Perlis,46,1615,5,2,Secondary,Employed,31.6,68.4,69,28,5,-2,66,35,-1,57.0,48.7,59.5,9.4,311,-0.332,43.3,0.461,28.6,Marketing Management
SCH1338,SMK Damai Harmoni,Perak,35,1044,7,2,Degree,Employed,29.1,70.9,70,27,5,-2,56,36,8,30.7,40.4,84.3,44.7,89,0.041,62.1,0.945,67.4,Media Arts
SCH1339,SMK Maju Damai,Melaka,89,863,7,2,Secondary,Employed,28.4,71.6,70,27,5,-2,69,34,-3,76.5,53.7,95.5,91.2,346,0.026,80.3,0.581,94.8,Mechanical
SCH1340,SMK Maju Sri,Sabah,54,1612,8,1,Primary,Employed,40.0,60.0,62,26,9,3,66,31,3,59.0,82.5,78.5,99.1,367,0.061,89.4,0.444,91.9,Banking and Finance
SCH1341,SMK Bestari Aman,Terengganu,64,834,9,1,Degree,Employed,26.6,73.4,62,27,10,1,55,45,0,50.9,82.4,44.6,20.5,400,-0.374,51.8,0.886,77.5,Software Engineering
SCH1342,SMK Damai Taman,Penang,18,1174,9,3,Secondary,Employed,27.8,72.2,64,21,5,10,69,35,-4,47.7,64.4,35.3,61.8,403,0.053,38.0,0.126,53.0,Marketing Management
SCH1343,SMK Damai Taman,Kuala Lumpur,22,1415,6,3,Primary,Employed,21.9,78.1,61,30,10,-1,57,25,18,34.5,68.6,88.9,99.7,112,-0.467,64.9,0.601,6.2,Mechanical
SCH1344,SMK Sri Putra,Terengganu,3,1218,9,2,Master,Employed,39.5,60.5,70,30,10,-10,66,28,6,80.8,45.4,61.4,79.6,488,0.214,94.7,0.517,11.7,Robotics & Automation
SCH1345,SMK Putra Taman,Pahang,76,1436,6,2,Secondary,Employed,29.4,70.6,65,27,6,2,69,40,-9,88.6,41.5,49.4,6.6,326,-0.089,45.2,0.966,13.1,Bachelor of Financial Engineering (Hons)
SCH1346,SMK Taman Bestari,Perak,55,736,10,1,Diploma,Employed,29.7,70.3,70,28,8,-6,52,28,20,84.0,94.1,89.8,68.3,422,-0.293,91.2,0.03,9.1,Nanotechnology
SCH1347,SMK Melawati Bukit,Terengganu,62,1108,10,2,Master,Employed,25.9,74.1,66,23,7,4,51,40,9,77.3,93.5,81.1,73.5,454,-0.135,88.9,0.555,90.2,Advertising Design
SCH1348,SMK Bandar Indah,Perak,70,772,5,1,Secondary,Employed,29.5,70.5,62,23,6,9,55,41,4,69.1,53.5,66.3,97.9,224,0.059,65.2,0.144,44.2,Nanotechnology
SCH1349,SMK Damai Harmoni,Johor,65,1556,8,3,Primary,Self-Employed,34.9,65.1,70,20,10,0,53,29,18,91.7,71.6,72.6,40.3,341,-0.345,54.9,0.697,56.0,Business Intelligence and Analytics
SCH1350,SMK Putra Bandar,Negeri Sembilan,89,865,10,2,Secondary,Employed,31.0,69.0,67,23,9,1,57,27,16,91.7,95.9,81.8,8.7,465,-0.062,53.8,0.719,28.7,Mechanical
SCH1351,SMK Damai Bukit,Terengganu,27,576,9,1,Secondary,Self-Employed,30.3,69.7,62,30,5,3,57,41,2,68.5,96.1,44.9,52.0,225,-0.383,39.0,0.537,93.7,Bachelor of Marketing (Hons)
SCH1352,SMK Melawati Bestari,Sarawak,23,354,5,2,Primary,Employed,40.0,60.0,68,29,7,-4,64,29,7,58.4,64.0,67.9,81.8,35,-0.214,35.0,0.346,74.3,Bachelor of Business Management (Hons)
SCH1353,SMK Taman Harmoni,Penang,11,1515,7,3,Degree,Unemployed,31.9,68.1,67,27,5,1,58,34,8,61.5,82.9,85.6,49.5,322,-0.41,64.8,0.263,72.4,Bachelor of Marketing (Hons)
SCH1354,SMK Sri Damai,Pahang,47,1280,5,1,Primary,Employed,22.6,77.4,63,21,7,9,56,30,14,34.6,81.1,69.2,35.9,466,-0.153,82.3,0.894,75.7,Intelligent Robotics
SCH1355,SMK Damai Seri,Labuan,12,989,7,1,Primary,Employed,20.5,79.5,63,24,7,6,62,40,-2,74.4,47.7,68.9,52.8,237,0.376,82.7,0.018,51.7,Bachelor of Business Management (Hons)
SCH1356,SMK Damai Bandar,Johor,58,1789,10,2,Diploma,Employed,32.9,67.1,69,29,6,-4,68,25,7,54.9,86.6,50.6,57.1,230,-0.496,45.9,0.406,85.1,Digital Business Management
SCH1357,SMK Bandar Melawati,Johor,73,539,8,2,Secondary,Employed,32.8,67.2,68,28,10,-6,67,36,-3,39.1,30.9,40.8,70.5,238,-0.269,50.4,0.772,7.6,Mechanical
SCH1358,SMK Sri Taman,Kelantan,37,1348,4,1,Diploma,Employed,35.6,64.4,63,21,7,9,59,28,13,76.5,79.6,42.5,88.9,343,0.438,42.0,0.113,57.0,Virtual Reality
SCH1359,SMK Seri Harmoni,Perlis,10,1032,5,2,Primary,Unemployed,30.8,69.2,68,24,5,3,58,31,11,42.2,97.4,42.3,17.8,161,0.499,50.1,0.28,16.0,Telecommunications
SCH1360,SMK Harmoni Putra,Pahang,37,1510,5,2,Degree,Unemployed,32.2,67.8,69,23,9,-1,53,40,7,41.5,60.1,50.1,73.7,28,-0.187,71.2,0.138,42.6,Electrical
SCH1361,SMK Seri Harmoni,Negeri Sembilan,65,1099,7,2,Degree,Unemployed,28.5,71.5,60,21,9,10,59,44,-3,57.9,52.2,62.7,28.6,222,0.498,43.2,0.148,9.9,International Management
SCH1362,SMK Seri Damai,Kuala Lumpur,11,1191,6,3,Diploma,Self-Employed,23.6,76.4,65,20,7,8,69,40,-9,63.4,39.2,46.5,93.3,280,0.098,86.7,0.8,93.2,Business Intelligence and Analytics
SCH1363,SMK Indah Putra,Sabah,94,1501,9,1,Primary,Employed,31.3,68.7,60,24,6,10,61,38,1,65.8,94.3,93.3,15.7,494,-0.394,76.9,0.289,58.6,International Management
SCH1364,SMK Melawati Aman,Kedah,57,377,5,2,Secondary,Employed,27.5,72.5,65,23,6,6,64,40,-4,57.0,78.3,72.2,10.7,476,0.128,49.3,0.91,63.4,Bachelor of Management (Hons)
SCH1365,SMK Aman Damai,Sabah,56,1568,6,2,Secondary,Employed,34.4,65.6,68,21,6,5,64,32,4,97.1,65.2,35.8,62.0,181,-0.171,49.9,0.478,18.1,Bachelor of Analytical Economics (Hons)
SCH1366,SMK Bukit Melawati,Pahang,40,577,7,1,Primary,Employed,35.8,64.2,70,25,8,-3,62,41,-3,40.5,65.7,62.2,90.1,273,0.335,82.9,0.483,11.2,Cybersecurity
SCH1367,SMK Aman Bestari,Perak,42,385,5,2,Secondary,Employed,30.6,69.4,67,22,7,4,61,41,-2,49.2,86.1,56.4,90.3,459,0.478,44.0,0.215,29.2,Mechanical
SCH1368,SMK Putra Indah,Sarawak,52,847,7,2,Diploma,Employed,31.6,68.4,63,30,9,-2,57,27,16,75.4,78.9,74.7,32.1,332,0.012,41.1,0.053,44.6,Media Arts
SCH1369,SMK Melawati Bukit,Terengganu,58,739,8,1,Diploma,Employed,23.0,77.0,68,20,10,2,65,44,-9,35.1,50.3,91.8,14.7,445,0.382,31.4,0.753,47.4,Bachelor of Marketing (Hons)
SCH1370,SMK Melawati Bukit,Perak,3,1860,7,3,Diploma,Employed,25.6,74.4,60,22,10,8,50,36,14,74.9,50.9,38.9,84.3,224,0.35,59.0,0.112,7.6,Marketing Management
SCH1371,SMK Maju Bandar,Putrajaya,46,448,9,2,Primary,Employed,22.7,77.3,63,25,5,7,67,25,8,65.6,80.5,54.7,32.6,312,-0.197,60.1,0.471,15.7,Bachelor of Business Management (Hons)
SCH1372,SMK Putra Harmoni,Putrajaya,61,904,9,3,Primary,Self-Employed,24.7,75.3,69,20,5,6,59,40,1,55.8,78.3,57.1,34.6,110,-0.5,46.9,0.208,25.0,Bachelor of Marketing (Hons)
SCH1373,SMK Sri Bukit,Sabah,41,1390,5,1,Secondary,Self-Employed,20.0,80.0,68,30,7,-5,68,40,-8,68.5,87.2,97.2,79.3,167,-0.098,35.3,0.733,61.7,Security Technology
SCH1374,SMK Putra Harmoni,Perak,36,1978,4,1,Secondary,Employed,36.1,63.9,61,24,8,7,61,45,-6,57.6,75.2,40.5,93.3,88,0.188,85.0,0.795,13.5,Information System
SCH1375,SMK Bandar Melawati,Sarawak,72,1036,8,1,Secondary,Employed,29.0,71.0,61,20,6,13,62,37,1,93.0,93.8,96.0,52.0,171,-0.063,74.4,0.45,33.8,Data Science
SCH1376,SMK Indah Aman,Perak,34,1506,5,1,Secondary,Employed,26.7,73.3,69,20,8,3,50,41,9,70.0,30.6,48.0,40.7,268,-0.016,75.4,0.018,65.4,Strategic Communication
SCH1377,SMK Taman Bestari,Sarawak,86,1238,5,1,Primary,Unemployed,31.0,69.0,60,20,8,12,58,28,14,88.5,33.1,46.6,89.0,103,-0.178,99.9,0.996,19.1,Mechanical
SCH1378,SMK Sri Aman,Labuan,31,1358,5,2,Secondary,Unemployed,25.6,74.4,62,21,7,10,64,45,-9,66.2,93.6,86.3,6.6,361,0.201,37.9,0.773,49.2,Information System
SCH1379,SMK Melawati Sri,Pahang,24,1658,5,1,Diploma,Employed,33.4,66.6,68,21,7,4,67,31,2,93.8,68.8,66.9,76.4,85,0.239,90.7,0.626,66.9,Business Intelligence and Analytics
SCH1380,SMK Sri Bandar,Terengganu,58,330,6,1,Diploma,Employed,30.8,69.2,67,25,10,-2,62,45,-7,73.2,83.9,37.3,96.2,117,0.32,70.9,0.509,31.8,Computer
SCH1381,SMK Damai Bandar,Pahang,73,1068,7,2,Secondary,Employed,31.5,68.5,66,22,5,7,70,30,0,82.9,49.3,93.3,81.8,50,-0.122,82.5,0.097,47.6,Bachelor of Analytical Economics (Hons)
SCH1382,SMK Putra Harmoni,Selangor,82,691,7,3,Secondary,Employed,33.5,66.5,69,28,7,-4,64,26,10,56.6,65.1,72.4,56.0,88,0.257,83.0,0.81,88.7,Media Arts
SCH1383,SMK Bandar Maju,Melaka,41,876,6,3,Secondary,Self-Employed,33.6,66.4,69,26,6,-1,55,38,7,94.1,50.5,64.3,43.9,210,-0.117,85.6,0.456,17.1,Visual Effects
SCH1384,SMK Maju Melawati,Putrajaya,40,205,9,3,Primary,Employed,32.2,67.8,70,29,10,-9,57,33,10,37.7,96.3,59.6,0.9,348,0.265,49.9,0.888,36.8,Telecommunications
SCH1385,SMK Damai Indah,Perlis,3,1085,10,1,Diploma,Unemployed,30.2,69.8,66,23,6,5,54,30,16,33.9,63.6,67.5,16.9,3,0.353,94.0,0.265,90.4,Computer
SCH1386,SMK Maju Damai,Sabah,59,1797,4,1,Primary,Self-Employed,21.9,78.1,65,20,10,5,54,36,10,52.9,82.1,35.6,4.9,499,-0.015,54.8,0.321,96.4,Strategic Communication
SCH1387,SMK Bandar Melawati,Kedah,64,1166,5,2,Degree,Employed,28.2,71.8,60,20,5,15,55,37,8,39.8,73.6,44.5,50.4,432,0.428,96.5,0.555,34.1,Artificial Intelligence
SCH1388,SMK Sri Taman,Perak,6,1824,4,2,Primary,Unemployed,29.8,70.2,61,21,5,13,66,38,-4,49.2,92.1,32.8,91.4,130,0.214,63.6,0.402,15.1,Electrical
SCH1389,SMK Maju Damai,Sabah,15,616,6,1,Primary,Unemployed,23.8,76.2,65,21,5,9,57,35,8,67.2,63.8,79.2,6.8,26,0.243,76.3,0.236,9.8,Artificial Intelligence
SCH1390,SMK Melawati Sri,Labuan,32,1383,4,1,Primary,Employed,36.4,63.6,66,20,9,5,60,27,13,61.8,63.0,79.5,94.1,36,0.146,30.9,0.162,98.5,Optical
SCH1391,SMK Indah Sri,Perlis,19,321,4,2,Primary,Self-Employed,30.2,69.8,67,20,8,5,53,35,12,89.5,63.6,56.1,49.3,460,0.015,37.4,0.694,51.9,Strategic Communication
SCH1392,SMK Seri Aman,Perak,43,837,5,1,Secondary,Employed,23.4,76.6,66,28,7,-1,62,32,6,84.5,88.9,70.6,61.9,30,-0.405,98.3,0.286,42.4,Intelligent Robotics
SCH1393,SMK Sri Maju,Putrajaya,31,887,9,3,Secondary,Self-Employed,26.4,73.6,62,20,7,11,54,34,12,47.5,34.6,78.3,57.2,373,0.004,71.0,0.513,49.6,Software Engineering
SCH1394,SMK Bestari Melawati,Perak,55,1792,4,1,Secondary,Employed,20.4,79.6,63,21,7,9,69,27,4,42.7,36.0,80.0,19.6,324,-0.312,75.7,0.148,55.4,Electronics
SCH1395,SMK Putra Maju,Labuan,17,819,6,1,Degree,Self-Employed,30.8,69.2,60,22,9,9,61,25,14,92.8,44.7,45.9,28.0,188,0.412,84.3,0.451,75.4,Bachelor of Business Management (Hons)
SCH1396,SMK Indah Maju,Johor,22,375,6,3,Diploma,Employed,27.9,72.1,69,28,6,-3,52,30,18,72.3,91.0,99.9,60.8,448,0.461,52.4,0.996,84.6,Bachelor of Digital Enterprise Management (Hons)
SCH1397,SMK Harmoni Bukit,Johor,57,1090,9,3,Secondary,Self-Employed,32.3,67.7,66,22,10,2,56,25,19,50.4,53.5,51.6,2.0,111,-0.102,64.8,0.667,1.3,Virtual Reality
SCH1398,SMK Putra Sri,Labuan,77,1610,6,2,Primary,Employed,20.0,80.0,60,21,5,14,54,27,19,91.9,95.3,90.1,69.3,150,0.069,90.3,0.078,7.3,Bachelor of Accounting (Hons)
SCH1399,SMK Melawati Bukit,Negeri Sembilan,92,1860,10,2,Degree,Employed,29.5,70.5,64,25,6,5,50,28,22,47.8,91.9,69.3,18.6,15,0.495,31.6,0.113,60.9,Digital Business Management
SCH1400,SMK Taman Bandar,Kuala Lumpur,31,1723,5,2,Diploma,Employed,30.5,69.5,62,27,6,5,63,27,10,80.6,49.2,89.2,42.8,111,-0.415,38.3,0.225,50.0,Data Science
SCH1401,SMK Melawati Aman,Putrajaya,64,1735,8,3,Secondary,Employed,20.0,80.0,68,28,5,-1,49,25,26,84.0,59.3,82.4,96.1,16,0.28,47.7,0.83,70.4,Electronics
SCH1402,SMK Aman Bandar,Kelantan,82,1377,7,2,Secondary,Employed,32.4,67.6,63,25,6,6,63,27,10,74.2,54.5,50.5,39.3,10,0.42,33.9,0.821,3.8,Computer
SCH1403,SMK Taman Damai,Kelantan,84,1407,9,2,Secondary,Employed,39.8,60.2,63,30,8,-1,60,40,0,74.1,81.4,56.0,72.0,8,-0.38,67.4,0.675,41.7,Bachelor of Accounting (Hons)
SCH1404,SMK Sri Maju,Kedah,33,1736,7,1,Degree,Self-Employed,34.7,65.3,61,21,9,9,50,39,11,52.4,76.9,43.2,62.5,37,0.306,72.2,0.296,88.8,Animation & Visual Effects
SCH1405,SMK Melawati Maju,Putrajaya,38,1885,6,2,Diploma,Employed,23.9,76.1,64,30,5,1,61,31,8,77.3,36.5,81.1,34.7,213,0.151,92.3,0.44,90.1,Telecommunications
SCH1406,SMK Damai Aman,Penang,91,1835,8,3,Secondary,Unemployed,28.4,71.6,61,26,7,6,59,37,4,53.3,60.7,48.4,16.5,255,0.14,38.4,0.484,68.5,Bachelor of Law (Hons)
SCH1407,SMK Harmoni Putra,Putrajaya,50,956,6,2,Degree,Self-Employed,30.6,69.4,60,23,9,8,61,32,7,75.0,32.7,73.5,77.8,80,-0.183,77.0,0.031,72.6,Marketing Management
SCH1408,SMK Taman Aman,Sabah,16,492,10,2,Primary,Employed,33.7,66.3,60,24,9,7,49,31,20,95.6,67.1,73.0,48.2,348,-0.001,49.1,0.169,62.1,Bachelor of Marketing (Hons)
SCH1409,SMK Bandar Bestari,Perak,65,1636,5,2,Primary,Self-Employed,30.1,69.9,70,20,5,5,60,43,-3,89.1,92.8,48.5,71.1,4,0.251,75.1,0.355,4.9,Business Intelligence and Analytics
SCH1410,SMK Bukit Taman,Melaka,83,886,9,3,Secondary,Self-Employed,29.5,70.5,65,29,9,-3,55,26,19,59.8,99.0,68.8,93.1,295,-0.39,69.7,0.928,5.5,Data Communications and Networking
SCH1411,SMK Bestari Bukit,Penang,75,920,10,3,Degree,Employed,28.3,71.7,70,27,5,-2,51,40,9,91.2,69.5,66.2,72.7,71,-0.421,72.3,0.164,73.6,Banking and Finance
SCH1412,SMK Melawati Aman,Perak,51,999,5,2,Primary,Self-Employed,35.2,64.8,68,28,8,-4,58,30,12,47.3,82.4,48.3,88.2,69,0.059,31.0,0.081,57.7,Robotics & Automation
SCH1413,SMK Seri Bandar,Sarawak,60,1220,4,2,Secondary,Self-Employed,23.7,76.3,62,28,9,1,63,24,13,50.9,94.7,46.1,75.0,100,0.303,92.8,0.518,45.6,Banking and Finance
SCH1414,SMK Seri Bestari,Perak,25,883,7,1,Secondary,Employed,30.0,70.0,64,20,7,9,68,25,7,60.0,75.7,80.9,0.1,69,0.356,77.7,0.187,26.9,Artificial Intelligence
SCH1415,SMK Indah Maju,Labuan,24,1164,4,2,Secondary,Employed,35.9,64.1,61,30,7,2,56,41,3,73.1,63.7,62.2,36.3,58,-0.247,95.8,0.906,56.7,Human Resource Management
SCH1416,SMK Seri Harmoni,Putrajaya,18,937,10,3,Secondary,Self-Employed,20.0,80.0,63,21,8,8,54,44,2,41.1,61.9,72.4,69.2,400,-0.029,58.8,0.237,73.0,Knowledge Management
SCH1417,SMK Bukit Bandar,Sarawak,2,1846,8,2,Degree,Employed,24.0,76.0,66,23,5,6,58,32,10,47.5,88.6,65.9,13.5,233,-0.089,46.2,0.136,19.7,Human Resource Management
SCH1418,SMK Maju Bandar,Sabah,95,791,5,1,Diploma,Employed,23.7,76.3,66,21,7,6,55,32,13,53.0,72.8,91.0,1.5,367,-0.113,75.3,0.045,5.4,Human Resource Management
SCH1419,SMK Taman Bestari,Sarawak,90,1240,7,1,Secondary,Self-Employed,23.1,76.9,70,21,9,0,64,39,-3,87.8,49.3,35.3,70.8,34,0.349,79.4,0.49,25.8,Security Technology
SCH1420,SMK Indah Harmoni,Melaka,35,1201,4,2,Secondary,Self-Employed,31.5,68.5,66,30,10,-6,60,27,13,60.3,77.6,72.6,76.9,25,-0.379,38.0,0.411,64.8,Bachelor of Marketing (Hons)
SCH1421,SMK Harmoni Maju,Selangor,95,615,9,2,Degree,Employed,28.2,71.8,60,21,7,12,70,39,-9,36.7,36.6,81.0,32.4,375,-0.463,61.2,0.113,35.1,Electrical
SCH1422,SMK Seri Melawati,Terengganu,70,1942,10,1,Diploma,Employed,33.1,66.9,61,23,7,9,56,39,5,78.5,84.9,87.9,91.4,94,0.332,40.5,0.039,87.9,Optical
SCH1423,SMK Melawati Indah,Terengganu,24,955,10,1,Secondary,Employed,35.6,64.4,69,22,6,3,54,43,3,48.1,31.3,32.5,91.5,48,0.422,83.0,0.732,70.9,Bachelor of Analytical Economics (Hons)
SCH1424,SMK Putra Bukit,Labuan,69,420,6,2,Secondary,Employed,33.3,66.7,62,25,9,4,58,45,-3,49.2,52.0,38.2,27.3,335,-0.24,50.5,0.705,73.5,International Management
SCH1425,SMK Bukit Taman,Kedah,11,420,4,3,Secondary,Employed,33.3,66.7,63,21,7,9,51,38,11,61.4,74.6,45.5,67.7,199,-0.027,73.2,0.456,89.4,Bachelor of Finance (Hons)
SCH1426,SMK Aman Bestari,Sabah,23,1866,7,1,Secondary,Self-Employed,33.1,66.9,70,21,7,2,58,44,-2,36.9,49.0,89.9,34.6,11,-0.447,62.0,0.942,88.8,Software Engineering
SCH1427,SMK Bukit Sri,Kelantan,33,261,8,2,Primary,Self-Employed,32.6,67.4,70,25,5,0,68,36,-4,75.7,84.2,55.1,18.3,132,-0.019,68.6,0.632,25.7,Computer
SCH1428,SMK Seri Damai,Kuala Lumpur,47,962,8,3,Primary,Employed,27.0,73.0,69,26,6,-1,60,26,14,80.1,34.8,53.2,28.2,185,0.11,71.0,0.37,48.6,Bachelor of Business Management (Hons)
SCH1429,SMK Bukit Aman,Penang,17,1488,5,2,Diploma,Employed,20.2,79.8,60,26,10,4,59,40,1,91.9,90.4,61.0,58.6,261,-0.366,52.4,0.913,40.9,Bachelor of Accounting (Hons)
SCH1430,SMK Taman Aman,Selangor,63,1019,6,3,Diploma,Employed,29.6,70.4,63,21,6,10,70,42,-12,65.0,51.4,98.2,66.3,277,-0.169,81.8,0.313,82.7,Bachelor of Cinematic Arts (Hons)
SCH1431,SMK Putra Melawati,Pahang,25,311,5,2,Diploma,Unemployed,32.5,67.5,63,28,10,-1,62,28,10,46.4,84.5,72.6,97.1,196,0.291,39.3,0.311,61.6,Business Intelligence and Analytics
SCH1432,SMK Bestari Harmoni,Terengganu,22,1634,5,2,Secondary,Employed,30.3,69.7,64,29,10,-3,64,43,-7,77.1,43.8,92.7,10.6,178,-0.319,79.8,0.385,40.2,Strategic Communication
SCH1433,SMK Bukit Putra,Putrajaya,59,380,6,2,Secondary,Employed,27.4,72.6,66,25,7,2,51,24,25,87.1,86.2,64.0,29.8,379,0.41,98.8,0.198,13.4,Information System
SCH1434,SMK Maju Seri,Perak,25,1910,10,1,Primary,Employed,22.8,77.2,69,29,8,-6,55,41,4,78.7,38.4,46.2,35.1,199,0.177,50.3,0.577,6.6,Cybersecurity
SCH1435,SMK Bukit Maju,Pahang,35,217,8,1,Diploma,Employed,30.6,69.4,60,28,6,6,56,34,10,86.8,98.7,94.9,89.8,11,-0.121,65.5,0.563,31.3,Game Development
SCH1436,SMK Bukit Maju,Selangor,21,497,8,3,Primary,Employed,28.6,71.4,62,28,6,4,64,30,6,30.3,51.9,66.9,32.4,255,-0.403,68.4,0.703,79.3,Intelligent Robotics
SCH1437,SMK Seri Aman,Melaka,86,985,6,3,Diploma,Employed,33.8,66.2,65,24,7,4,54,29,17,71.4,93.9,85.8,92.1,221,-0.489,73.6,0.413,86.0,Knowledge Management
SCH1438,SMK Maju Seri,Perak,17,1870,4,2,Secondary,Employed,34.7,65.3,62,29,8,1,69,29,2,72.8,78.7,54.0,10.8,454,-0.366,92.0,0.649,16.4,Animation & Visual Effects
SCH1439,SMK Bestari Sri,Perak,95,984,4,2,Primary,Employed,29.7,70.3,66,22,10,2,67,43,-10,89.3,60.9,31.3,7.5,254,-0.053,60.6,0.785,9.3,Bachelor of Financial Engineering (Hons)
SCH1440,SMK Melawati Bukit,Negeri Sembilan,12,1066,8,2,Primary,Self-Employed,26.6,73.4,65,24,8,3,50,36,14,83.5,99.5,83.1,79.4,342,-0.023,48.9,0.029,60.5,International Management
SCH1441,SMK Bandar Putra,Sabah,87,510,4,2,Degree,Employed,34.1,65.9,66,28,10,-4,56,32,12,60.9,34.6,87.8,12.6,491,0.059,93.3,0.111,17.7,Marketing Management
SCH1442,SMK Sri Bukit,Negeri Sembilan,14,1980,8,2,Secondary,Employed,27.5,72.5,64,28,6,2,60,40,0,68.8,42.6,62.7,96.8,30,-0.455,81.2,0.872,9.8,Business Intelligence and Analytics
SCH1443,SMK Taman Harmoni,Negeri Sembilan,14,1495,6,3,Secondary,Self-Employed,25.1,74.9,65,22,7,6,58,45,-3,62.9,66.9,100.0,84.3,399,-0.267,61.7,0.517,76.4,Robotics & Automation
SCH1444,SMK Bukit Maju,Pahang,41,547,4,2,Primary,Employed,20.0,80.0,61,22,6,11,51,34,15,49.4,65.0,41.2,34.1,76,-0.329,76.4,0.853,25.8,Media Arts
SCH1445,SMK Seri Taman,Selangor,22,371,7,2,Secondary,Employed,23.8,76.2,66,25,7,2,68,28,4,42.3,34.5,70.4,35.8,220,0.358,97.0,0.499,93.2,Bachelor of Marketing (Hons)
SCH1446,SMK Seri Taman,Terengganu,90,213,10,2,Degree,Employed,20.0,80.0,62,26,7,5,69,32,-1,69.9,83.2,40.5,57.2,141,0.13,93.6,0.419,78.3,International Management
SCH1447,SMK Damai Aman,Perak,51,204,8,2,Primary,Employed,31.6,68.4,70,24,5,1,57,38,5,43.4,53.4,80.9,66.9,206,-0.23,44.5,0.654,41.6,Animation & Visual Effects
SCH1448,SMK Seri Bukit,Terengganu,44,1205,4,1,Degree,Employed,33.3,66.7,67,20,7,6,62,33,5,93.8,81.7,43.8,84.3,143,-0.17,97.4,0.901,27.0,Marketing Management
SCH1449,SMK Bukit Taman,Penang,14,898,8,2,Secondary,Employed,35.4,64.6,62,25,5,8,61,42,-3,33.9,33.7,93.5,72.1,477,-0.415,75.5,0.654,95.6,Interface Design
SCH1450,SMK Damai Putra,Pahang,45,276,7,2,Degree,Self-Employed,28.7,71.3,64,28,10,-2,61,28,11,86.7,39.5,62.8,93.9,154,-0.212,53.3,0.427,13.9,Electronics
SCH1451,SMK Seri Melawati,Johor,3,506,10,3,Degree,Employed,30.9,69.1,70,30,10,-10,66,45,-11,55.2,97.8,94.6,88.4,138,0.213,78.2,0.319,25.2,Computer
SCH1452,SMK Indah Putra,Perlis,21,1049,6,1,Degree,Employed,24.2,75.8,65,26,6,3,59,40,1,78.8,67.1,57.4,62.2,24,0.41,31.3,0.557,78.7,Bachelor of Law (Hons)
SCH1453,SMK Taman Harmoni,Perlis,42,630,7,1,Degree,Employed,28.7,71.3,60,27,8,5,54,30,16,86.3,76.1,57.9,51.4,51,0.303,89.2,0.116,96.9,Virtual Reality
SCH1454,SMK Bandar Harmoni,Terengganu,49,1500,10,1,Diploma,Employed,37.0,63.0,68,24,8,0,58,45,-3,77.9,85.4,50.5,7.9,259,0.4,61.4,0.274,39.3,Robotics & Automation
SCH1455,SMK Taman Damai,Pahang,94,1099,10,1,Degree,Employed,32.4,67.6,70,24,6,0,61,29,10,50.6,45.1,41.1,31.3,99,-0.278,62.4,0.47,87.4,Advertising Design
SCH1456,SMK Harmoni Taman,Perlis,69,214,10,1,Primary,Self-Employed,38.3,61.7,70,30,9,-9,50,33,17,55.7,58.2,30.1,49.7,281,0.361,40.8,0.452,40.8,Advertising Design
SCH1457,SMK Melawati Damai,Labuan,56,1216,5,3,Secondary,Unemployed,35.4,64.6,60,21,6,13,68,38,-6,96.5,97.1,36.8,1.5,252,0.496,42.6,0.503,84.8,Optical
SCH1458,SMK Harmoni Bukit,Melaka,60,745,8,2,Secondary,Employed,22.0,78.0,60,25,9,6,63,27,10,86.6,86.0,62.0,60.7,110,-0.142,56.5,0.418,54.7,Game Development
SCH1459,SMK Seri Indah,Perlis,57,297,8,2,Secondary,Employed,29.0,71.0,64,30,8,-2,68,36,-4,65.0,37.8,60.9,47.9,371,-0.296,40.9,0.88,43.4,Electronics
SCH1460,SMK Taman Bandar,Pahang,19,386,8,1,Secondary,Employed,25.7,74.3,66,21,10,3,68,34,-2,65.9,68.2,32.4,17.0,30,-0.356,79.7,0.534,14.4,Business Intelligence and Analytics
SCH1461,SMK Damai Taman,Melaka,13,532,6,2,Diploma,Employed,32.8,67.2,62,23,10,5,54,31,15,43.2,60.0,76.1,26.4,155,0.019,72.4,0.963,58.9,International Management
SCH1462,SMK Melawati Aman,Melaka,76,938,4,3,Degree,Employed,26.1,73.9,64,30,10,-4,60,32,8,74.6,65.4,80.2,83.3,226,0.389,89.2,0.525,69.2,Media Arts
SCH1463,SMK Bandar Maju,Negeri Sembilan,89,1515,4,2,Diploma,Self-Employed,25.6,74.4,62,28,5,5,69,35,-4,42.3,82.0,47.6,45.4,327,-0.218,63.6,0.448,12.1,Bachelor of Management (Hons)
SCH1464,SMK Melawati Bestari,Terengganu,85,822,7,1,Secondary,Employed,36.8,63.2,64,22,5,9,64,43,-7,72.7,43.8,47.6,17.4,474,-0.139,44.9,0.385,74.0,Security Technology
SCH1465,SMK Bandar Taman,Pahang,48,758,9,2,Secondary,Self-Employed,33.1,66.9,69,30,10,-9,70,25,5,31.8,48.3,67.7,90.8,478,-0.237,68.9,0.411,94.8,Bachelor of Marketing (Hons)
SCH1466,SMK Indah Damai,Negeri Sembilan,16,1057,8,1,Diploma,Employed,35.3,64.7,62,27,9,2,59,27,14,42.9,38.0,53.9,96.5,159,-0.359,80.2,0.437,40.4,Intelligent Robotics
SCH1467,SMK Damai Putra,Kedah,84,1846,5,1,Secondary,Self-Employed,23.6,76.4,67,25,8,0,56,42,2,68.7,82.7,49.7,21.9,424,-0.459,38.6,0.203,40.2,Interface Design
SCH1468,SMK Putra Damai,Sarawak,78,1301,7,2,Diploma,Employed,35.0,65.0,62,26,9,3,54,39,7,97.8,79.2,39.6,41.7,287,-0.171,57.4,0.262,34.3,Security Technology
SCH1469,SMK Bandar Seri,Selangor,56,226,9,3,Degree,Employed,20.7,79.3,66,24,10,0,70,41,-11,54.7,50.9,69.2,0.8,193,-0.481,81.3,0.933,65.7,Intelligent Robotics
SCH1470,SMK Bestari Seri,Perlis,32,860,5,2,Secondary,Employed,29.1,70.9,67,26,9,-2,68,38,-6,73.5,65.4,87.2,86.1,373,0.324,80.7,0.833,20.1,Information System
SCH1471,SMK Damai Seri,Selangor,29,1054,5,3,Primary,Employed,39.8,60.2,64,26,7,3,60,39,1,53.3,56.1,45.0,58.5,361,0.438,94.0,0.546,35.6,Cybersecurity
SCH1472,SMK Seri Taman,Perak,6,819,4,2,Primary,Employed,28.6,71.4,68,28,10,-6,50,45,5,96.0,55.6,93.9,78.1,83,-0.136,67.2,0.872,68.7,International Management
SCH1473,SMK Indah Maju,Selangor,41,1197,5,3,Primary,Employed,30.0,70.0,65,29,10,-4,66,36,-2,61.1,70.0,66.9,3.8,292,0.153,65.2,0.721,0.6,Media Arts
SCH1474,SMK Damai Bestari,Kuala Lumpur,6,1184,10,2,Primary,Employed,27.3,72.7,65,21,10,4,69,32,-1,34.4,78.1,55.7,75.6,227,-0.11,90.5,0.929,30.3,Human Resource Management
SCH1475,SMK Maju Seri,Penang,51,1821,8,3,Secondary,Employed,31.6,68.4,66,27,6,1,56,30,14,53.7,52.6,75.1,85.1,177,-0.159,84.9,0.192,63.8,Business Intelligence and Analytics
SCH1476,SMK Taman Sri,Sarawak,53,1632,4,2,Secondary,Self-Employed,26.4,73.6,60,23,9,8,63,24,13,57.6,48.6,41.8,69.4,251,0.22,75.1,0.333,75.5,Computer
SCH1477,SMK Taman Bandar,Perlis,80,1809,6,2,Secondary,Self-Employed,30.6,69.4,62,21,9,8,66,27,7,47.7,44.3,53.8,47.7,271,-0.403,96.6,0.791,37.4,Visual Effects
SCH1478,SMK Bandar Indah,Melaka,58,1703,8,2,Secondary,Employed,31.0,69.0,60,28,8,4,58,29,13,70.6,50.1,55.7,8.4,480,0.414,36.3,0.77,61.7,Bachelor of Digital Enterprise Management (Hons)
SCH1479,SMK Indah Putra,Kuala Lumpur,99,606,5,2,Degree,Employed,35.7,64.3,63,22,6,9,51,28,21,86.6,55.8,38.8,4.1,435,0.21,55.5,0.833,45.4,Advertising Design
SCH1480,SMK Putra Sri,Terengganu,50,1687,9,2,Diploma,Employed,27.8,72.2,65,21,6,8,65,36,-1,76.5,64.3,66.2,43.2,25,0.017,87.3,0.547,4.1,Optical
SCH1481,SMK Seri Bestari,Kuala Lumpur,40,1854,10,3,Degree,Employed,25.8,74.2,66,22,9,3,65,40,-5,42.5,87.7,49.3,93.0,264,0.358,48.6,0.515,10.7,Bachelor of Digital Enterprise Management (Hons)
SCH1482,SMK Aman Harmoni,Kelantan,64,863,10,2,Secondary,Employed,30.9,69.1,65,21,7,7,50,39,11,53.1,39.7,57.9,98.0,351,-0.459,56.5,0.035,10.2,Bachelor of Management (Hons)
SCH1483,SMK Melawati Damai,Sabah,24,559,10,1,Secondary,Unemployed,31.8,68.2,66,25,8,1,50,29,21,85.4,52.7,80.1,13.5,1,0.431,86.0,0.433,49.3,Animation
SCH1484,SMK Taman Sri,Selangor,50,1316,7,3,Secondary,Employed,40.0,60.0,62,30,8,0,64,26,10,57.8,60.0,91.6,96.1,165,0.462,59.1,0.601,71.0,Business Intelligence and Analytics
SCH1485,SMK Damai Taman,Melaka,81,1240,7,3,Secondary,Employed,27.1,72.9,60,30,6,4,67,40,-7,63.7,73.2,58.3,19.8,68,-0.469,41.9,0.633,42.0,Game Development
SCH1486,SMK Putra Maju,Kuala Lumpur,2,1033,10,3,Secondary,Employed,23.6,76.4,70,29,9,-8,66,29,5,69.0,37.6,95.3,33.4,272,0.46,87.4,0.854,17.2,Bachelor of Marketing (Hons)
SCH1487,SMK Bandar Indah,Johor,53,1707,10,3,Primary,Self-Employed,29.9,70.1,60,24,8,8,52,29,19,46.2,85.9,69.4,0.6,192,-0.309,41.7,0.181,67.2,Telecommunications
SCH1488,SMK Harmoni Putra,Perlis,62,319,6,1,Secondary,Unemployed,29.4,70.6,63,29,8,0,55,36,9,67.6,40.7,65.4,41.3,142,-0.057,72.0,0.476,93.3,Data Communications and Networking
SCH1489,SMK Bukit Taman,Negeri Sembilan,67,1605,9,2,Secondary,Unemployed,36.3,63.7,68,20,9,3,52,43,5,31.6,53.1,67.6,91.1,167,0.29,74.4,0.533,39.3,Human Resource Management
SCH1490,SMK Bestari Putra,Terengganu,56,1131,9,1,Secondary,Employed,21.8,78.2,68,29,7,-4,52,44,4,95.0,61.8,81.4,36.7,133,0.125,53.7,0.126,41.4,Virtual Reality
SCH1491,SMK Putra Bukit,Kedah,13,541,6,2,Primary,Employed,28.3,71.7,64,24,10,2,57,39,4,51.3,84.0,52.9,24.2,82,0.49,48.4,0.255,77.2,Telecommunications
SCH1492,SMK Taman Bukit,Sarawak,3,977,10,1,Diploma,Self-Employed,32.8,67.2,69,21,6,4,56,28,16,83.1,45.7,35.4,81.1,131,-0.21,67.9,0.024,8.0,Virtual Reality
SCH1493,SMK Seri Damai,Terengganu,38,556,9,1,Degree,Self-Employed,30.4,69.6,63,27,6,4,53,42,5,65.8,68.4,67.7,56.5,334,0.168,74.1,0.018,54.1,Bachelor of Finance (Hons)
SCH1494,SMK Maju Harmoni,Selangor,33,1771,4,3,Degree,Employed,27.0,73.0,69,21,8,2,66,31,3,54.6,48.5,54.5,70.8,408,0.404,72.2,0.493,78.6,Mechanical
SCH1495,SMK Seri Bestari,Perak,59,738,7,1,Degree,Employed,32.1,67.9,61,22,7,10,66,40,-6,82.9,44.6,53.6,81.0,110,-0.123,93.4,0.53,13.8,Intelligent Robotics
SCH1496,SMK Taman Putra,Negeri Sembilan,5,420,7,3,Secondary,Employed,32.4,67.6,68,28,7,-3,65,35,0,72.3,91.6,52.7,39.6,50,-0.388,54.3,0.876,20.2,Optical
SCH1497,SMK Bandar Seri,Selangor,53,641,4,3,Primary,Self-Employed,39.9,60.1,60,29,7,4,56,43,1,68.3,79.7,33.5,6.9,433,0.031,86.4,0.791,58.1,Robotics & Automation
SCH1498,SMK Maju Seri,Putrajaya,39,367,5,2,Degree,Employed,34.1,65.9,70,21,9,0,52,40,8,42.5,99.1,80.1,61.5,70,0.377,93.9,0.266,46.2,Advertising Design
SCH1499,SMK Damai Bestari,Penang,85,380,9,3,Secondary,Self-Employed,24.7,75.3,65,26,5,4,66,28,6,64.2,31.6,78.1,29.4,411,-0.489,51.8,0.013,9.6,Robotics & Automation
